Sold-to party,Purchase order date,Sale Amount,Product Name/ID
1007429,10/2/2019,207.65,2200-48450-025
1015820,10/1/2019,1349.3,198427
1007429,10/2/2019,207.65,2200-48450-025
1017926,10/1/2019,221.88,271638
1007429,10/2/2019,207.65,2200-48450-025
1007429,10/2/2019,93.64,2200-40350-012
1007429,10/2/2019,207.65,2200-48450-025
1019337,10/1/2019,20.76,209745-101
1019190,10/1/2019,1380.27,14401-03
1007429,10/2/2019,93.64,2200-48300-025
1007429,10/2/2019,37.47,2200-48560-012
1007429,10/2/2019,93.64,2200-48300-025
1007429,10/2/2019,37.47,2200-48560-012
1007429,10/2/2019,74.94,2200-48560-012
1037279,10/1/2019,560.16,14201-10
1037279,10/1/2019,560.16,14201-10
1021104,10/1/2019,9508.24,209747-101
1021104,10/1/2019,9508.24,207325-12
1021104,10/1/2019,9508.24,26716-01
1039952,10/1/2019,736.16,20952005
1017922,10/1/2019,1294.24,271634
1017922,10/1/2019,1294.24,271632
1017922,10/1/2019,1294.24,271632
1017922,10/1/2019,1294.24,271632
1017922,10/1/2019,1294.24,266111
1021887,10/1/2019,844.32,16530
1039952,10/1/2019,240.8,20952031
1007429,10/4/2019,449.4,2200-46350-025
1007429,10/4/2019,449.4,2200-46350-025
1017722,10/1/2019,175,209745-101
1039952,10/1/2019,736.16,20952078
1039952,10/1/2019,736.16,20952065
1016010,10/1/2019,19527.4,201852-02
1039952,10/1/2019,736.16,20952156
1021007,10/1/2019,389.32,30513
1023108,10/1/2019,5110,45880475L
1021007,10/1/2019,389.32,30512
1021887,10/1/2019,5777.27,16704
1021259,10/1/2019,36.27,209750-101
1021887,10/1/2019,5777.27,10094
1039952,10/1/2019,1553.36,20952005
1021887,10/1/2019,5777.27,10945
1039952,10/1/2019,1553.36,20952078
1021887,10/1/2019,5777.27,10945
1021887,10/1/2019,5777.27,10941
1039952,10/1/2019,1553.36,20952065
1017926,10/1/2019,32370.29,233112
1017926,10/1/2019,32370.29,239017
1017926,10/1/2019,32370.29,293210
1017926,10/1/2019,32370.29,293198
1021123,10/1/2019,93.42,2303-820-104
1017926,10/1/2019,32370.29,233016
1017926,10/1/2019,32370.29,233022
1017926,10/1/2019,32370.29,293108
1019900,10/1/2019,276.63,20952031
1017926,10/1/2019,32370.29,293114
1018933,10/1/2019,350,2200-40350-015
1017926,10/1/2019,32370.29,233106
1017926,10/1/2019,32370.29,239011
1007429,10/2/2019,37.47,2200-48560-012
1007429,10/4/2019,37.47,2200-48560-012
1007020,10/1/2019,1123.2,230030
1007020,10/1/2019,1123.2,230150
1018933,10/1/2019,350,2200-40450-019
1020167,10/1/2019,5910.93,2200-48300-025
1030343,10/1/2019,1309.29,201859-02
1020167,10/1/2019,5910.93,2200-66700-025
1020947,10/1/2019,29.54,275618
1020167,10/1/2019,5910.93,2200-40450-025
1022328,10/1/2019,5868.65,10930A
1035381,10/1/2019,4428.2,206110-101
1022328,10/1/2019,5868.65,10945
1016843,10/1/2019,77.33,203191-01
1021259,10/1/2019,92.49,206110-101
1007429,10/3/2019,1250.2,2200-48500-025
1022328,10/1/2019,5868.65,16701
1006446,10/1/2019,5134,WGGS-JUN-SVC-SUP-SRX345JSB
1007429,10/3/2019,1250.2,2200-48500-025
1006446,10/1/2019,5134,WGEM-JUN-AOH-SVC-RTF-SRX345HW
1007429,10/3/2019,74.94,2200-48560-012
1022328,10/1/2019,5868.65,16713
1006446,10/1/2019,5134,WGGS-JUN-AOH-SVC-RTF-SRX345HW
1022896,10/1/2019,1871.21,16532
1022896,10/1/2019,1871.21,10304
1021447,10/1/2019,143.52,201081-01
1022896,10/1/2019,1871.21,10051H
1019337,10/1/2019,46.54,207576-01
1040426,10/1/2019,947.85,20350244
1019337,10/1/2019,1231.17,10034
1040426,10/1/2019,947.85,20350824
1007429,10/3/2019,74.94,2200-48560-012
1012612,10/1/2019,6520.31,01-SSC-1480
1017260,10/1/2019,6075.3,16534
1007429,10/4/2019,37.47,2200-48560-012
1007429,10/4/2019,37.47,2200-48560-012
1019337,10/1/2019,210.9,207326-02
1042435,10/1/2019,1106.52,20952031
1040425,10/1/2019,1761.4,20351207
1007429,10/3/2019,1750.28,2200-48500-025
1040425,10/1/2019,1761.4,20952005
1016843,10/1/2019,4896,207326-02
1007429,10/3/2019,1750.28,2200-48500-025
1040425,10/1/2019,1761.4,20350247
1007429,10/10/2019,1250.2,2200-48500-025
1007429,10/10/2019,1250.2,2200-48500-025
1020252,10/2/2019,246.99,206110-101
1040425,10/1/2019,1761.4,20952156
1007429,10/4/2019,37.47,2200-48560-012
1007429,10/4/2019,37.47,2200-48560-012
1040425,10/1/2019,1761.4,20952065
1019337,10/2/2019,18.36,209744-101
1040425,10/1/2019,1761.4,20351208
1019776,10/2/2019,225.99,207414-03
1040425,10/1/2019,1761.4,20350236
1019776,10/2/2019,225.99,209747-101
1013039,10/2/2019,4634.81,01-SSC-1892
1040425,10/1/2019,1761.4,20329239
1022157,10/2/2019,2275,202652-04
1021104,10/2/2019,155.75,203946-02
1021887,10/1/2019,27121.6,16710
1007429,10/9/2019,1250.2,2200-48500-025
1020145,10/2/2019,2948.4,31029
1007429,10/9/2019,1250.2,2200-48500-025
1021887,10/1/2019,27121.6,10094
1021367,10/1/2019,1805.25,2406-820-204
1007429,10/4/2019,500.08,2200-48500-025
1021887,10/1/2019,27121.6,10311
1015794,10/1/2019,765.4,14201-35
1020145,10/2/2019,2948.4,31029
1007429,10/2/2019,3114.75,2200-48450-025
1007429,10/4/2019,500.08,2200-48500-025
1007429,10/2/2019,3114.75,2200-48450-025
1007429,10/4/2019,1503.49,2200-48450-025
1021104,10/2/2019,127.22,201859-01
1021887,10/1/2019,27121.6,16704
1007429,10/4/2019,207.65,2200-48450-025
1007429,10/4/2019,1503.49,2200-48450-025
1007429,10/4/2019,207.65,2200-48450-025
1021104,10/2/2019,127.22,207577-01
1007429,10/4/2019,1503.49,2200-44514-002
1021887,10/1/2019,27121.6,10945
1042125,10/2/2019,36.74,209751-101
1007429,10/3/2019,207.65,2200-48450-025
1007429,10/3/2019,207.65,2200-48450-025
1011393,10/2/2019,2291.4,16804
1007429,10/2/2019,74.94,2200-48560-012
1016158,10/2/2019,5486.25,2200-48500-025
1021887,10/1/2019,27121.6,10941
1007429,10/4/2019,465.24,2200-48450-025
1021259,10/2/2019,92.49,206110-101
1019794,10/1/2019,148.56,209745-101
1007429,10/4/2019,465.24,2200-48450-025
1007429,10/4/2019,465.24,2200-44514-002
1021976,10/2/2019,92.49,206110-101
1017926,10/1/2019,21521.03,251662
1031035,10/2/2019,8129.22,2200-16200-030
1017926,10/1/2019,21521.03,233024
1021976,10/2/2019,92.49,206110-101
1017926,10/1/2019,21521.03,238269
1017926,10/1/2019,21521.03,257065
1017926,10/1/2019,21521.03,255829
1017926,10/1/2019,21521.03,232729
1017926,10/1/2019,21521.03,251644
1020984,10/2/2019,2583.08,10034
1017926,10/1/2019,21521.03,251638
1017926,10/1/2019,21521.03,238382
1017926,10/1/2019,21521.03,230404
1024614,10/2/2019,657.79,271631
1017926,10/1/2019,21521.03,230170
1021976,10/2/2019,107.1,202652-03
1024614,10/2/2019,657.79,271629
1020984,10/2/2019,2583.08,16533
1017926,10/1/2019,21521.03,238383
1017643,10/2/2019,60.68,229444
1017926,10/1/2019,21521.03,233018
1017926,10/1/2019,21521.03,251680
1017926,10/1/2019,21521.03,232735
1017926,10/1/2019,21521.03,252565
1017926,10/1/2019,21521.03,251674
1016083,10/2/2019,296.9,2201-52757-001
1017926,10/1/2019,21521.03,238268
1017926,10/1/2019,21521.03,251656
1019337,10/2/2019,305.88,2457-64356-101
1022056,10/2/2019,1140.25,271635
1022056,10/2/2019,1140.25,271637
1019337,10/2/2019,89.08,207576-01
1037222,10/2/2019,2132.2,10070H
1016843,10/2/2019,2494.88,207913-01
1007429,10/3/2019,1661.2,2200-48450-025
1007429,10/3/2019,1661.2,2200-48450-025
1020397,10/2/2019,718.08,16541
1016843,10/2/2019,2494.88,27019-01
1005480,10/3/2019,23.52,21267538
1040426,10/2/2019,622.5,203512881
1036990,10/3/2019,29.5,21210874
1016843,10/2/2019,2494.88,201851-02
1019337,10/2/2019,73.04,207414-03
1024638,10/1/2019,65.37,207414-03
1014946,10/3/2019,26.1,21210892
1026284,10/2/2019,43.52,201859-02
1008386,10/3/2019,44.25,21210874
1035370,10/3/2019,41.92,21210892
1019337,10/1/2019,20.76,209745-101
1016843,10/2/2019,2494.88,202652-02
1035370,10/3/2019,41.92,21210892
1015845,10/1/2019,158.85,275618
1021976,10/2/2019,92.49,206110-101
1011087,10/3/2019,25.19,21267538
1040584,10/2/2019,5924,20350820
1011087,10/3/2019,22.9,21267538
1016843,10/1/2019,1012.4,209747-101
1017008,10/2/2019,273,294106
1017008,10/2/2019,273,294100
1021976,10/2/2019,92.49,206110-101
1011087,10/3/2019,41.22,21267538
1022688,10/2/2019,3016.45,16532
1022432,10/1/2019,2774.65,16535
1017437,10/2/2019,43961.8,10094
1022688,10/2/2019,3016.45,16542
1007429,10/3/2019,830.6,2200-48450-025
1016684,10/1/2019,315.52,1553-0159
1011087,10/3/2019,6.87,21267538
1007429,10/3/2019,830.6,2200-48450-025
1005480,10/3/2019,30.24,21267538
1036990,10/3/2019,94.4,21210874
1010228,10/3/2019,26.2,21210892
1007429,10/4/2019,1000.16,2200-48500-025
1007429,10/4/2019,1000.16,2200-48500-025
1005480,10/3/2019,40.32,21267538
1010228,10/3/2019,26.2,21210892
1005480,10/3/2019,41.04,21210874
1016602,10/2/2019,111744,10302
1036990,10/3/2019,85.35,21210876
1036990,10/3/2019,227.6,21210876
1019337,10/3/2019,20.76,209745-101
1040426,10/2/2019,721.56,203512881
1005480,10/3/2019,6.84,21210874
1040426,10/2/2019,721.56,20351063
1007920,10/3/2019,384.64,21210876
1007920,10/3/2019,384.64,21211020
1011087,10/3/2019,27.48,21267538
1040426,10/2/2019,721.56,20350820
1008386,10/3/2019,103.25,21210874
1006496,10/3/2019,1360,WGGS-JUN-SVC-SWA-VSRX-1G
1007429,10/4/2019,207.65,2200-48450-025
1009396,10/3/2019,19.5,21210892
1016047,10/2/2019,1444.95,16533
1007429,10/4/2019,207.65,2200-48450-025
1011087,10/3/2019,18.32,21267538
1007429,10/3/2019,235.34,2200-48450-019
1039952,10/2/2019,3001.21,20350820
1011087,10/3/2019,18.32,21267538
1009396,10/3/2019,650,21210892
1010228,10/3/2019,52.4,21210892
1039952,10/2/2019,3001.21,20329321
1010228,10/3/2019,78.6,21210892
1011087,10/3/2019,18.32,21267538
1011087,10/3/2019,13.74,21267538
1039952,10/2/2019,3001.21,20329320
1010228,10/3/2019,39.3,21210892
1011087,10/3/2019,52.67,21267538
1010228,10/3/2019,36.68,21210892
1038687,10/3/2019,50.15,21210874
1039952,10/2/2019,3001.21,20350244
1010228,10/3/2019,52.4,21210892
1011087,10/3/2019,52.67,21267538
1038687,10/3/2019,8.85,21210874
1010228,10/3/2019,39.3,21210892
1011087,10/3/2019,2.29,21267538
1010228,10/3/2019,436.8,21210892
1010228,10/3/2019,52.4,21210892
1011087,10/3/2019,2.29,21267538
1010228,10/3/2019,39.3,21210892
1011087,10/3/2019,4.58,21267538
1010228,10/3/2019,28.82,21210892
1011087,10/3/2019,6.87,21267538
1021367,10/2/2019,2933.68,31029
1010228,10/3/2019,39.3,21210892
1037515,10/2/2019,5292,2200-40450-025
1018047,10/2/2019,5039.2,16535
1007429,10/3/2019,235.34,2200-48450-019
1018047,10/2/2019,5039.2,16542
1010228,10/3/2019,140.4,21210892
1011087,10/3/2019,2.29,21267538
1018047,10/2/2019,5039.2,10304
1018047,10/2/2019,5039.2,10033
1024756,10/2/2019,31.77,275618
1011087,10/3/2019,20.61,21267538
1010228,10/3/2019,13.1,21210892
1005606,10/3/2019,186.62,21210892
1019337,10/2/2019,46.54,207576-01
1038687,10/3/2019,259.6,21210874
1005606,10/3/2019,186.62,21210892
1010228,10/3/2019,312,21210892
1019337,10/2/2019,18.36,209744-101
1038687,10/3/2019,133,21210874
1010228,10/3/2019,117,21210892
1019337,10/2/2019,20.76,209745-101
1005606,10/3/2019,186.62,21210892
1007369,10/3/2019,78.3,21210892
1038687,10/3/2019,29.5,21210874
1019337,10/2/2019,99.27,202652-02
1010228,10/3/2019,52.4,21210892
1005606,10/3/2019,186.62,21210892
1008343,10/3/2019,17.7,21210874
1010228,10/3/2019,91.35,21210892
1008343,10/3/2019,39.3,21210892
1005606,10/3/2019,186.62,21210892
1040600,10/2/2019,217135.5,202581-01
1010228,10/3/2019,31.44,21210892
1010228,10/3/2019,121.68,21210892
1005606,10/3/2019,186.62,21210892
1040600,10/2/2019,217135.5,209747-101
1007429,10/4/2019,3500.56,2200-48500-025
1007429,10/4/2019,3500.56,2200-48500-025
1016247,10/3/2019,77.29,275659
1040600,10/2/2019,217135.5,209747-101
1010228,10/3/2019,44.25,21210874
1040075,10/3/2019,163.01,275659
1010624,10/3/2019,54.81,21210892
1040600,10/2/2019,217135.5,26716-01
1010228,10/3/2019,65.5,21210892
1026812,10/3/2019,38.47,14101-46
1036017,10/3/2019,100.8,21267538
1010228,10/3/2019,28.82,21210892
1040600,10/2/2019,217135.5,209745-101
1010228,10/3/2019,36.68,21210892
1040600,10/2/2019,217135.5,209744-101
1022823,10/3/2019,33.65,275618
1015741,10/3/2019,1319.44,20350820
1010228,10/3/2019,163.8,21210892
1040600,10/2/2019,217135.5,209744-101
1010228,10/3/2019,41.92,21210892
1006529,10/3/2019,396.8,271611
1007429,10/4/2019,6751.08,2200-48500-025
1040584,10/3/2019,2262,20350824
1007429,10/4/2019,6751.08,2200-48500-025
1010228,10/3/2019,39.3,21210892
1021370,10/2/2019,36.27,209746-101
1040584,10/3/2019,2262,20350513
1010228,10/3/2019,117,21210892
1040584,10/3/2019,2262,20350820
1010228,10/3/2019,65.5,21210892
1010228,10/3/2019,78.6,21210892
1039552,10/3/2019,85.05,209747-101
1010228,10/3/2019,70.74,21210892
1039785,10/2/2019,491.37,20952003
1010228,10/3/2019,31.44,21210892
1005696,10/3/2019,60.48,21267538
1010228,10/3/2019,39.3,21210892
1021259,10/2/2019,92.49,206110-101
1007429,10/3/2019,235.34,2200-48450-019
1005696,10/3/2019,13.44,21267538
1010228,10/3/2019,13.1,21210892
1010228,10/3/2019,52.4,21210892
1016602,10/3/2019,7951.58,10301
1005696,10/3/2019,63.84,21267538
1010228,10/3/2019,39.3,21210892
1010228,10/3/2019,31.44,21210892
1016602,10/3/2019,7951.58,10070H
1005696,10/3/2019,139.4,21210874
1010228,10/3/2019,13.1,21210892
1010228,10/3/2019,39.3,21210892
1016602,10/3/2019,7951.58,10338
1005696,10/3/2019,84.05,21210874
1015820,10/3/2019,389503.08,238124
1010228,10/3/2019,26.2,21210892
1015820,10/3/2019,389503.08,295884
1019337,10/3/2019,46.54,207576-01
1015820,10/3/2019,389503.08,238124
1008036,10/3/2019,531,21210874
1015820,10/3/2019,389503.08,292088
1010228,10/3/2019,78.6,21210892
1015820,10/3/2019,389503.08,295889J
1015820,10/3/2019,389503.08,295878J
1015820,10/3/2019,389503.08,189960
1010228,10/3/2019,79.04,21210892
1041900,10/3/2019,328.94,21210892
1014649,10/3/2019,88.5,21210874
1015820,10/3/2019,389503.08,293116
1010228,10/3/2019,26.2,21210892
1041900,10/3/2019,328.94,21210892
1015820,10/3/2019,389503.08,293164J
1015820,10/3/2019,389503.08,283774
1010228,10/3/2019,65.5,21210892
1015820,10/3/2019,389503.08,283774
1015820,10/3/2019,389503.08,283774
1015820,10/3/2019,389503.08,285769J
1010228,10/3/2019,39.15,21210892
1041900,10/3/2019,328.94,21210892
1015820,10/3/2019,389503.08,238125
1015820,10/3/2019,389503.08,238125
1015820,10/3/2019,389503.08,251835J
1010228,10/3/2019,249.6,21210892
1010721,10/3/2019,226.98,21210892
1015820,10/3/2019,389503.08,295227J
1010721,10/3/2019,186.2,21210874
1015820,10/3/2019,389503.08,295955J
1007365,10/3/2019,78.6,21210892
1014635,10/3/2019,33.93,21210892
1014600,10/3/2019,117,21210892
1007365,10/3/2019,118,21210874
1008003,10/3/2019,28.71,21210892
1007365,10/3/2019,133,21210874
1015820,10/3/2019,389503.08,295955J
1007365,10/3/2019,26.2,21210892
1015820,10/3/2019,389503.08,292613
1007365,10/3/2019,64.8,21267538
1015820,10/3/2019,389503.08,293692
1007365,10/3/2019,26.2,21210892
1015820,10/3/2019,389503.08,285775
1014946,10/3/2019,45.52,21210876
1015820,10/3/2019,389503.08,292613
1007429,10/4/2019,622.95,2200-48450-025
1015820,10/3/2019,389503.08,292082J
1007365,10/3/2019,73.75,21210874
1015820,10/3/2019,389503.08,253615
1007429,10/4/2019,622.95,2200-48450-025
1009396,10/3/2019,260,21210892
1015820,10/3/2019,389503.08,291998
1007365,10/3/2019,44.37,21210892
1015820,10/3/2019,389503.08,292473J
1015820,10/3/2019,389503.08,249964
1015820,10/3/2019,389503.08,293170
1011087,10/3/2019,36.64,21267538
1015820,10/3/2019,389503.08,293686J
1015820,10/3/2019,389503.08,291992J
1015820,10/3/2019,389503.08,295911J
1010291,10/3/2019,113.8,21210876
1015820,10/3/2019,389503.08,296065J
1011087,10/3/2019,13.74,21267538
1015820,10/3/2019,389503.08,295917
1007322,10/3/2019,117,21210969
1015820,10/3/2019,389503.08,252012J
1036068,10/3/2019,293.4,21267538
1015820,10/3/2019,389503.08,295961
1036068,10/3/2019,293.4,21210892
1015820,10/3/2019,389503.08,295961
1011009,10/3/2019,70.2,21210892
1008343,10/3/2019,14.75,21210874
1007677,10/3/2019,236,21210892
1015820,10/3/2019,389503.08,295257
1015820,10/3/2019,389503.08,257888
1010577,10/3/2019,140.94,21210892
1011087,10/3/2019,6.87,21267538
1015820,10/3/2019,389503.08,252223
1015820,10/3/2019,389503.08,292587J
1010624,10/3/2019,175.5,21210892
1015820,10/3/2019,389503.08,283780
1011087,10/3/2019,9.16,21267538
1015820,10/3/2019,389503.08,283780
1039952,10/3/2019,325.76,20952156
1015820,10/3/2019,389503.08,283780
1010577,10/3/2019,26.1,21210892
1010577,10/3/2019,128.7,21210892
1015820,10/3/2019,389503.08,292480
1019337,10/3/2019,18.36,209744-101
1015820,10/3/2019,389503.08,285757
1011087,10/3/2019,2.29,21267538
1010577,10/3/2019,79.65,21210874
1015820,10/3/2019,389503.08,293728
1010435,10/3/2019,14.16,21210874
1011087,10/3/2019,2.29,21267538
1015820,10/3/2019,389503.08,295233
1015820,10/3/2019,389503.08,249956J
1021278,10/3/2019,743.09,209747-101
1015718,10/3/2019,1687.29,271632
1015820,10/3/2019,389503.08,292606J
1021693,10/3/2019,322300.22,10094
1015820,10/3/2019,389503.08,292606J
1015820,10/3/2019,389503.08,291736
1011087,10/3/2019,4.58,21267538
1015820,10/3/2019,389503.08,291736
1021693,10/3/2019,322300.22,10094
1011087,10/3/2019,4.58,21267538
1041583,10/3/2019,2447.82,207326-02
1015820,10/3/2019,389503.08,291736
1015820,10/3/2019,389503.08,291736
1015820,10/3/2019,389503.08,295895
1011087,10/3/2019,29.77,21267538
1005696,10/3/2019,97.44,21267538
1015820,10/3/2019,389503.08,285751J
1015820,10/3/2019,389503.08,294100J
1016905,10/3/2019,2532.56,275624
1015820,10/3/2019,389503.08,294100J
1019337,10/3/2019,20.76,209745-101
1038687,10/3/2019,14.75,21210874
1015820,10/3/2019,389503.08,284959
1007531,10/3/2019,1317.2,21210874
1015820,10/3/2019,4193.65,255737J
1015820,10/3/2019,389503.08,284959
1019900,10/3/2019,24179.85,20952005
1038687,10/3/2019,8.85,21210874
1015820,10/3/2019,4193.65,255737J
1015820,10/3/2019,389503.08,293110J
1019900,10/3/2019,24179.85,20952065
1015820,10/3/2019,4193.65,255737J
1038687,10/3/2019,44.25,21210874
1007531,10/3/2019,59,21210874
1015820,10/3/2019,389503.08,291920J
1007677,10/3/2019,243,21267538
1015820,10/3/2019,4193.65,255737J
1010228,10/3/2019,18.34,21210892
1007391,10/3/2019,76.7,21210874
1015820,10/3/2019,389503.08,294286
1015820,10/3/2019,4193.65,255737J
1015820,10/3/2019,389503.08,295251J
1010228,10/3/2019,26.2,21210892
1015820,10/3/2019,4193.65,234375J
1015820,10/3/2019,389503.08,291926
1010228,10/3/2019,91.7,21210892
1015820,10/3/2019,4193.65,252535
1015820,10/3/2019,389503.08,253609
1021258,10/3/2019,36.74,209747-101
1015820,10/3/2019,4193.65,230168J
1010228,10/3/2019,26.2,21210892
1015820,10/3/2019,389503.08,253617
1015820,10/3/2019,4193.65,255557J
1005618,10/3/2019,382.2,21210874
1015820,10/3/2019,389503.08,252217
1020438,10/3/2019,13133.7,230192
1015820,10/3/2019,389503.08,294106
1015820,10/3/2019,389503.08,294106
1034973,10/3/2019,29.25,21267538
1015820,10/3/2019,389503.08,295988J
1015820,10/3/2019,389503.08,295988J
1020438,10/3/2019,13133.7,230222
1034973,10/3/2019,29.25,21210874
1015820,10/3/2019,389503.08,293722J
1020438,10/3/2019,13133.7,262690
1015820,10/3/2019,389503.08,294280J
1019338,10/3/2019,173.37,26716-01
1015820,10/3/2019,389503.08,296071
1015820,10/3/2019,389503.08,291729J
1019900,10/3/2019,475.6,20952065
1010228,10/3/2019,39.15,21210892
1039952,10/3/2019,6137.84,20350820
1021948,10/3/2019,299.28,209745-101
1015820,10/3/2019,389503.08,291729J
1010228,10/3/2019,39.3,21210892
1015820,10/3/2019,389503.08,291729J
1025859,10/3/2019,4224.26,2520-52757-001
1039952,10/3/2019,6137.84,20351207
1010228,10/3/2019,708,21210874
1025859,10/3/2019,4224.26,2200-69631-001
1015820,10/3/2019,389503.08,291729J
1042125,10/3/2019,107.2,207576-01
1042125,10/3/2019,107.2,207576-01
1010228,10/3/2019,31.44,21210892
1039952,10/3/2019,6137.84,20351072
1015820,10/3/2019,16320,188626
1015820,10/3/2019,389503.08,295994
1010228,10/3/2019,52.4,21210892
1010228,10/3/2019,39.3,21210892
1039952,10/3/2019,6137.84,20351489
1005696,10/3/2019,15.49,21210874
1015820,10/3/2019,389503.08,295994
1010228,10/3/2019,26.2,21210892
1010228,10/3/2019,5.24,21210892
1039952,10/3/2019,6137.84,203512851
1005696,10/3/2019,15.49,21267538
1015820,10/3/2019,389503.08,284960
1010228,10/3/2019,65.5,21210892
1015820,10/3/2019,389503.08,292594
1039952,10/3/2019,6137.84,203504351
1010228,10/3/2019,78.6,21210892
1005696,10/3/2019,40.44,21267538
1015820,10/3/2019,389503.08,293200J
1010228,10/3/2019,65.5,21210892
1015820,10/3/2019,389503.08,284960
1039952,10/3/2019,6137.84,20351063
1010228,10/3/2019,26.2,21210892
1005696,10/3/2019,84,21267538
1015820,10/3/2019,389503.08,257876
1010228,10/3/2019,15.72,21210892
1020438,10/3/2019,230451.19,2215-63885-001
1007815,10/3/2019,117.45,21210892
1039952,10/3/2019,6137.84,20350823
1005696,10/3/2019,45.1,21210874
1014635,10/3/2019,26.1,21210892
1015820,10/3/2019,29500,198429
1039952,10/3/2019,6137.84,20350247
1010721,10/3/2019,133,21210874
1005696,10/3/2019,24.6,21210874
1041658,10/3/2019,186.2,21210874
1007421,10/4/2019,442.5,21210874
1036424,10/4/2019,78.3,21210892
1014415,10/3/2019,789.24,21210874
1039952,10/3/2019,6137.84,20350244
1005745,10/3/2019,223.85,21210969
1014415,10/3/2019,789.24,21267538
1039952,10/3/2019,6137.84,20350236
1014415,10/3/2019,789.24,21210892
1007365,10/3/2019,312,21210892
1020495,9/24/2019,12,2200-44514-002
1039952,10/3/2019,6137.84,203512881
1039952,10/3/2019,6137.84,20350436
1007322,10/3/2019,531,21210874
1007429,10/7/2019,1000.16,2200-48500-025
1021104,10/3/2019,155.75,203946-02
1007368,10/3/2019,425.25,21267538
1007429,10/7/2019,1000.16,2200-48500-025
1039952,10/3/2019,6137.84,20329321
1041861,10/4/2019,84.2,209747-101
1023007,10/3/2019,5431.88,207326-02
1023007,10/3/2019,5431.88,207576-01
1015121,10/3/2019,29.5,21210874
1023007,10/3/2019,5431.88,2200-66700-019
1021188,10/3/2019,84.84,207576-01
1007885,10/4/2019,41.76,21210892
1007369,10/3/2019,10.44,21210892
1016429,10/3/2019,18.46,232253
1020659,10/3/2019,250.7,20351063
1016429,10/3/2019,18.46,292473J
1016429,10/3/2019,18.46,292480
1010577,10/3/2019,15.66,21210892
1010435,10/3/2019,413,21210874
1017980,10/3/2019,63.54,275659
1016874,10/3/2019,2687.44,206110-101
1023007,10/4/2019,314.52,207576-01
1024638,10/3/2019,1103.98,249513
1040627,10/3/2019,33605.69,20351207
1016874,10/3/2019,2687.44,202652-02
1040627,10/3/2019,33605.69,20952075
1019337,10/3/2019,89.08,207576-01
1017437,10/3/2019,29144,10094
1020471,10/3/2019,136.7,201081-01
1023007,10/3/2019,503.23,207576-01
1017437,10/3/2019,29144,10094
1023007,10/3/2019,3399.58,207576-01
1023007,10/3/2019,3399.58,2200-66700-019
1024638,10/3/2019,1103.98,238579J
1040627,10/3/2019,33605.69,20952054
1007523,10/4/2019,228.8,21210892
1037515,10/3/2019,1380,2200-48500-025
1040627,10/3/2019,33605.69,20351208
1009326,10/4/2019,20.88,21210892
1040627,10/3/2019,33605.69,20952053
1024638,10/3/2019,1103.98,231923J
1010291,10/3/2019,18.9,21267538
1040627,10/3/2019,33605.69,20952076
1040627,10/3/2019,33605.69,20351009
1009326,10/4/2019,108,21267538
1024638,10/3/2019,1103.98,239890J
1040627,10/3/2019,33605.69,20952055
1040627,10/3/2019,33605.69,20952176
1010245,10/3/2019,62.1,21267538
1040627,10/3/2019,33605.69,20952156
1009258,10/3/2019,936,21267538
1007429,10/7/2019,37.47,2200-48560-012
1024638,10/3/2019,1103.98,242237J
1007429,10/7/2019,37.47,2200-48560-012
1009326,10/4/2019,201.6,21267538
1007429,10/7/2019,37.47,2200-48560-012
1007429,10/7/2019,37.47,2200-48560-012
1030343,10/3/2019,459.32,209745-101
1024638,10/3/2019,1103.98,239095
1007531,10/3/2019,1995,21210874
1020869,10/3/2019,4575.78,293668
1023007,10/3/2019,4614.77,207576-01
1007531,10/3/2019,975,21210969
1023007,10/3/2019,4614.77,2200-66700-019
1009326,10/4/2019,201.6,21210892
1007677,10/3/2019,45.9,21267538
1007677,10/3/2019,229.9,21210892
1007429,10/4/2019,1872.57,2200-48450-025
1024638,10/3/2019,1103.98,253606
1009326,10/4/2019,10.84,21267538
1007429,10/4/2019,1872.57,2200-48450-025
1007429,10/4/2019,1000.16,2200-48500-025
1007429,10/4/2019,1872.57,2200-66070-001
1007429,10/4/2019,1000.16,2200-48500-025
1009326,10/4/2019,13.5,21267538
1007429,10/4/2019,1872.57,2200-66070-001
1007429,10/4/2019,207.65,2200-48450-025
1009326,10/4/2019,29.7,21267538
1007429,10/4/2019,207.65,2200-48450-025
1016429,10/3/2019,459.63,271632
1024638,10/3/2019,228.6,239005
1021188,10/3/2019,2000,207576-01
1020034,10/3/2019,7566.4,2200-63880-101
1010438,10/4/2019,262.08,21210892
1039952,10/3/2019,339.2,20952078
1010533,10/4/2019,159.6,21210874
1010438,10/4/2019,41.76,21210892
1022092,10/3/2019,33.65,275618
1010533,10/4/2019,14.8,21210874
1005696,10/3/2019,57.12,21267538
1021258,10/3/2019,36.74,209747-101
1010249,10/4/2019,930.92,21210874
1005696,10/3/2019,211.38,21267538
1007429,10/7/2019,37.47,2200-48560-012
1007424,10/4/2019,354,21210874
1007429,10/7/2019,37.47,2200-48560-012
1008027,10/4/2019,28.71,21210892
1015746,10/3/2019,61.9,275618
1005696,10/3/2019,211.38,21210874
1021843,10/3/2019,107.1,202652-03
1010862,10/4/2019,81.9,21210892
1025356,10/4/2019,104.8,21210892
1010438,10/4/2019,208,21210892
1010862,10/4/2019,81.9,21210892
1005696,10/3/2019,111.56,21210874
1009326,10/4/2019,37.8,21267538
1010862,10/4/2019,53.82,21210892
1005696,10/3/2019,111.56,21267538
1010438,10/4/2019,47.2,21210874
1034137,10/4/2019,26.1,21210892
1010438,10/4/2019,78.3,21210892
1014340,10/4/2019,44.25,21210874
1005696,10/3/2019,71.75,21210874
1010533,10/4/2019,17.7,21210874
1019337,10/3/2019,37.52,209745-101
1015121,10/3/2019,29.5,21210874
1014340,10/4/2019,14.75,21210874
1010438,10/4/2019,284.96,21210892
1015121,10/3/2019,29.5,21210874
1010533,10/4/2019,11.8,21210874
1015121,10/3/2019,59,21210874
1014340,10/4/2019,14.75,21210874
1007464,10/4/2019,390,21210892
1010438,10/4/2019,224.64,21210892
1007429,10/4/2019,207.65,2200-48450-025
1007429,10/4/2019,207.65,2200-48450-025
1007429,10/7/2019,245.12,2200-48450-025
1010533,10/4/2019,14.75,21210874
1014340,10/4/2019,29.5,21210874
1007429,10/7/2019,245.12,2200-48450-025
1007429,10/7/2019,245.12,2200-48560-012
1008027,10/4/2019,15.66,21210892
1007429,10/7/2019,245.12,2200-48560-012
1014340,10/4/2019,14.75,21210874
1008027,10/4/2019,7.83,21210892
1010043,10/4/2019,50.7,21210969
1025356,10/4/2019,39.15,21210892
1021123,10/3/2019,87.87,201852-02
1014340,10/4/2019,186.2,21210874
1025356,10/4/2019,26.1,21210892
1021123,10/3/2019,87.87,27019-01
1014593,10/4/2019,104.4,21210892
1007523,10/4/2019,303.75,21267538
1007864,10/4/2019,50.32,21210874
1021259,10/3/2019,53.6,207576-01
1023384,10/3/2019,156.28,275654
1014340,10/4/2019,35.4,21210874
1007401,10/4/2019,512.64,21210874
1007864,10/4/2019,1102.6,21210874
1007429,10/5/2019,1249.62,2200-66070-001
1007429,10/5/2019,1249.62,2200-66070-001
1017437,10/3/2019,663.5,10033
1009326,10/4/2019,128,21267538
1007864,10/4/2019,29.6,21210874
1007560,10/4/2019,1001,21210876
1014340,10/4/2019,59,21210874
1010438,10/4/2019,117,21210892
1014340,10/4/2019,14.75,21210874
1010438,10/4/2019,282.88,21210892
1007424,10/4/2019,153.63,21210876
1010533,10/4/2019,53.1,21210874
1025356,10/4/2019,68.12,21210892
1010862,10/4/2019,25.74,21210892
1014340,10/4/2019,29.5,21210874
1010533,10/4/2019,8.85,21210874
1010862,10/4/2019,1170,21210892
1009326,10/4/2019,18.9,21267538
1010862,10/4/2019,46.8,21210892
1010533,10/4/2019,14.75,21210874
1016427,10/4/2019,154.63,202652-02
1014340,10/4/2019,59,21210874
1009326,10/4/2019,21.6,21267538
1017722,10/4/2019,2570.2,207576-01
1014340,10/4/2019,29.5,21210874
1010533,10/4/2019,23.6,21210874
1009326,10/4/2019,67.86,21210892
1007604,10/4/2019,5792.15,21210892
1042068,10/4/2019,23.6,21210874
1017722,10/4/2019,2570.2,207414-03
1010533,10/4/2019,5.9,21210874
1007604,10/4/2019,5792.15,21210874
1014340,10/4/2019,29.5,21210874
1007502,10/4/2019,7.86,21210892
1007502,10/4/2019,39.3,21210892
1024653,10/4/2019,3301.41,10096
1008610,10/4/2019,243,21267538
1014340,10/4/2019,29.5,21210874
1010862,10/4/2019,54.99,21210892
1022566,10/4/2019,5127.12,30314
1014593,10/4/2019,26.1,21210892
1010862,10/4/2019,33.93,21210892
1022566,10/4/2019,5127.12,31029
1010862,10/4/2019,70.2,21210892
1007864,10/4/2019,14.8,21210874
1019337,10/4/2019,99.27,202652-02
1010862,10/4/2019,11.7,21210892
1007864,10/4/2019,8.1,21267538
1020537,10/4/2019,2221.44,2200-16200-122
1018532,10/4/2019,44542,2499-829-309
1014340,10/4/2019,44.25,21210874
1007864,10/4/2019,17.76,21210874
1014340,10/4/2019,20.65,21210874
1016010,10/4/2019,2319.5,207576-01
1007429,10/7/2019,490.24,2200-48560-012
1007429,10/7/2019,490.24,2200-48560-012
1007429,10/7/2019,490.24,2200-48450-025
1007864,10/4/2019,103.6,21210874
1007429,10/7/2019,490.24,2200-48450-025
1014340,10/4/2019,29.5,21210874
1017643,10/4/2019,73.44,174956
1031182,10/4/2019,121900,220-80E-00203
1037714,10/4/2019,324.7,1000-04
1014340,10/4/2019,141.6,21210874
1007424,10/4/2019,59,21210874
1019190,10/4/2019,1695.88,0473-279
1010862,10/4/2019,35.1,21210892
1014340,10/4/2019,14.75,21210874
1019190,10/4/2019,1695.88,14208-01
1019190,10/4/2019,1695.88,202652-02
1014340,10/4/2019,47.2,21210874
1016047,10/4/2019,6813.05,10945
1014340,10/4/2019,14.75,21210874
1016047,10/4/2019,6813.05,10941
1016047,10/4/2019,6813.05,16704
1014340,10/4/2019,29.5,21210874
1018325,10/4/2019,4234.36,16541
1018325,10/4/2019,4234.36,16542
1014340,10/4/2019,20.65,21210874
1018325,10/4/2019,4234.36,16534
1014340,10/4/2019,112.1,21210874
1014340,10/4/2019,23.6,21210874
1014340,10/4/2019,41.3,21210874
1023067,10/4/2019,4786.22,2215-71937-001
1014340,10/4/2019,29.5,21210874
1023067,10/4/2019,4786.22,2215-00286-003
1020737,10/4/2019,3559.5,292606J
1014340,10/4/2019,85.55,21210874
1020737,10/4/2019,3559.5,292613
1014340,10/4/2019,59,21210874
1039552,10/4/2019,41.5,207576-01
1017608,10/4/2019,12399.9,202581-01
1014340,10/4/2019,35.4,21210874
1019337,10/4/2019,87.8,209745-101
1022636,10/4/2019,2764.57,284082
1022636,10/4/2019,2764.57,284080
1022636,10/4/2019,2764.57,282630
1017657,10/4/2019,1106.09,230044
1017657,10/4/2019,1106.09,230194
1014340,10/4/2019,144.55,21210874
1024661,10/4/2019,486.4,209745-101
1017608,10/4/2019,2479.98,202581-01
1016010,10/4/2019,1083.95,205300-01
1014340,10/4/2019,8.85,21210874
1017186,10/3/2019,69275,2068
1019337,10/4/2019,75.8,209744-101
1016158,10/4/2019,1023,2200-30900-025
1030343,10/4/2019,459.32,209745-101
1014340,10/4/2019,11.8,21210874
1007429,10/7/2019,1423.21,2200-66070-001
1022139,10/4/2019,217.75,207576-01
1007429,10/7/2019,1423.21,2200-66070-001
1012612,10/6/2019,29824.2,01-SSC-1560
1014340,10/4/2019,14.75,21210874
1016010,10/4/2019,4240,202652-04
1021188,10/7/2019,6123.03,14101-75
1014340,10/4/2019,118,21210874
1016874,10/4/2019,73.4,204880-01
1021188,10/7/2019,6123.03,14101-75
1018490,10/4/2019,14829.9,16567
1022139,10/4/2019,399.5,207576-01
1014340,10/4/2019,14.75,21210874
1013312,10/6/2019,2536.56,01-SSC-1471
1007429,10/8/2019,207.65,2200-48450-025
1007429,10/8/2019,207.65,2200-48450-025
1014340,10/4/2019,59,21210874
1014340,10/4/2019,103.25,21210874
1039533,10/4/2019,492.19,20952003
1039552,10/4/2019,20.25,209745-101
1014340,10/4/2019,38.35,21210874
1017608,10/4/2019,12399.9,202581-01
1017643,10/4/2019,63.54,275618
1037687,10/4/2019,5254.53,20952065
1014340,10/4/2019,2.95,21210874
1011857,10/6/2019,895.76,01-SSC-0688
1023007,10/4/2019,377.42,207576-01
1007429,10/7/2019,6250.42,2200-48500-025
1007429,10/7/2019,250.04,2200-48500-025
1007429,10/7/2019,6250.42,2200-48500-025
1014340,10/4/2019,29.5,21210874
1007429,10/7/2019,250.04,2200-48500-025
1020537,10/4/2019,277.68,2200-16200-122
1007429,10/5/2019,830.6,2200-48450-025
1041673,10/7/2019,95.39,20350244
1007429,10/5/2019,830.6,2200-48450-025
1007429,10/7/2019,6250.42,2200-66070-001
1014340,10/4/2019,47.2,21210874
1019337,10/7/2019,194.54,202652-02
1021887,10/4/2019,292.6,10304
1007429,10/7/2019,6250.42,2200-66070-001
1021104,10/4/2019,255.18,201859-01
1021367,10/7/2019,910.46,10033
1014340,10/4/2019,103.25,21210874
1021367,10/7/2019,910.46,16561
1021120,10/4/2019,23038.08,2200-48300-025
1007429,10/8/2019,207.65,2200-48450-025
1012612,10/7/2019,5458.36,02-SSC-1843
1007429,10/8/2019,207.65,2200-48450-025
1014340,10/4/2019,14.75,21210874
1021120,10/4/2019,23038.08,2200-48450-025
1038427,10/7/2019,61690,206110-101
1026585,10/7/2019,3511.72,2200-66070-019
1038427,10/7/2019,61690,202652-04
1021120,10/4/2019,23038.08,2200-40000-001
1007429,10/8/2019,415.3,2200-48450-025
1016462,10/7/2019,425.5,271607
1007429,10/8/2019,415.3,2200-48450-025
1007429,10/8/2019,242.52,2200-48500-025
1014340,10/4/2019,29.5,21210874
1007429,10/8/2019,242.52,2302-48500-025
1016047,10/7/2019,133.3,10304
1021120,10/4/2019,23038.08,2200-48350-025
1019165,10/7/2019,2192.58,31029
1020166,10/7/2019,178.04,209745-101
1007429,10/8/2019,3499.98,2200-66070-001
1014340,10/4/2019,29.5,21210874
1007429,10/8/2019,3499.98,2200-66070-001
1021120,10/4/2019,23038.08,2200-46350-025
1007429,10/7/2019,37.47,2200-48560-012
1007429,10/8/2019,3499.98,2200-48500-025
1007429,10/7/2019,37.47,2200-48560-012
1007429,10/8/2019,3499.98,2200-48500-025
1021120,10/4/2019,23038.08,2200-15600-001
1022483,10/4/2019,1584.85,14201-40
1007429,10/9/2019,2076.5,2200-48450-025
1022483,10/4/2019,1584.85,14401-21
1021887,10/7/2019,835.38,31029
1007429,10/9/2019,2076.5,2200-48450-025
1021120,10/4/2019,23038.08,2200-48500-025
1016047,10/7/2019,1701,16566
1021777,10/4/2019,224.4,275611
1021120,10/4/2019,23038.08,2200-48400-025
1020578,10/7/2019,234.9,271638
1021190,10/7/2019,76.14,206110-101
1021777,10/4/2019,224.4,275618
1021431,10/7/2019,1325.45,206110-101
1040426,10/7/2019,665.6,20329239
1021120,10/4/2019,23038.08,2200-40450-025
1015820,10/7/2019,285.89,233348J
1015820,10/7/2019,285.89,233420J
1040426,10/7/2019,665.6,20952005
1022059,10/7/2019,36.74,209751-101
1015670,10/4/2019,134.16,207576-01
1021190,10/4/2019,44.56,207576-01
1007429,10/7/2019,415.3,2200-48450-025
1040587,10/4/2019,3093.8,20952003
1007429,10/7/2019,415.3,2200-48450-025
1039533,10/7/2019,344.3,20952065
1041861,10/4/2019,415.9,202652-01
1022157,10/7/2019,973.36,2200-66070-001
1024617,10/4/2019,1185.17,10034
1015876,10/4/2019,3549.88,293656
1024617,10/4/2019,1185.17,16532
1039533,10/8/2019,40479.81,20350247
1016010,10/7/2019,2594.47,207414-03
1019337,10/4/2019,46.54,207576-01
1039533,10/8/2019,40479.81,203504351
1037279,10/4/2019,186.72,14201-10
1015876,10/4/2019,3549.88,293656
1039533,10/8/2019,40479.81,20351489
1016010,10/7/2019,2594.47,207577-01
1037714,10/7/2019,5438.01,10945
1037714,10/7/2019,5438.01,10311
1037714,10/7/2019,5438.01,16175
1020470,10/4/2019,1072.4,2200-30900-025
1039533,10/8/2019,40479.81,20952065
1037714,10/7/2019,5438.01,10941
1037714,10/7/2019,5438.01,10096
1016479,10/4/2019,41395.29,293108
1039533,10/8/2019,40479.81,20351208
1019922,10/7/2019,229.56,2200-30900-025
1015876,10/4/2019,3549.88,293200
1016479,10/4/2019,41395.29,292592
1039533,10/8/2019,40479.81,20952005
1021190,10/7/2019,76.14,206110-101
1021481,10/8/2019,734.8,209747-101
1015876,10/4/2019,3549.88,293200
1016479,10/4/2019,41395.29,292592
1015876,10/4/2019,3549.88,262690
1039952,10/8/2019,84.96,20329240
1015876,10/4/2019,3549.88,262692
1016429,10/7/2019,107655.47,251835J
1016479,10/4/2019,41395.29,293720J
1016429,10/7/2019,107655.47,238125
1015876,10/4/2019,3549.88,293212
1016479,10/4/2019,41395.29,292585J
1016429,10/7/2019,107655.47,238124
1015876,10/4/2019,3549.88,293110
1016429,10/7/2019,107655.47,302233
1016429,10/7/2019,107655.47,291097
1016479,10/4/2019,41395.29,292585J
1016429,10/7/2019,107655.47,302234
1015876,10/4/2019,3549.88,293650J
1016479,10/4/2019,41395.29,293198
1015876,10/4/2019,3549.88,293650J
1016429,10/7/2019,107655.47,302391
1015876,10/4/2019,3549.88,293116
1016479,10/4/2019,41395.29,293210
1016429,10/7/2019,107655.47,271984
1019337,10/8/2019,20.76,209745-101
1016479,10/4/2019,41395.29,284959
1021952,10/4/2019,1037.4,271629
1016429,10/7/2019,107655.47,249956J
1016843,10/8/2019,80.8,202580-01
1016479,10/4/2019,41395.29,293726
1016429,10/7/2019,107655.47,249956J
1017643,10/4/2019,31.77,275618
1020673,10/8/2019,169.68,2200-48500-019
1019337,10/4/2019,104.56,209745-101
1016479,10/4/2019,41395.29,292604J
1015749,10/4/2019,7406,207326-02
1016429,10/7/2019,107655.47,300716
1017437,10/4/2019,6946.5,10094
1030033,10/8/2019,1128.27,201859-02
1015766,10/8/2019,109.75,230150J
1016479,10/4/2019,41395.29,292611
1022059,10/8/2019,92.49,206110-101
1020835,10/4/2019,39.21,209744-101
1022059,10/8/2019,53.6,207576-01
1017608,10/4/2019,6199.95,202581-01
1016429,10/7/2019,107655.47,291103
1016479,10/4/2019,41395.29,291734
1021234,10/8/2019,840.92,10960
1016429,10/7/2019,107655.47,232280
1016998,10/4/2019,155.77,185446
1016479,10/4/2019,41395.29,293684J
1016010,10/8/2019,8915.35,201853-02
1020824,10/7/2019,1630.16,20952062
1007429,10/7/2019,8673.5,2200-66070-001
1016010,10/8/2019,8915.35,27019-01
1016479,10/4/2019,41395.29,284960
1007429,10/7/2019,8673.5,2200-66070-001
1016429,10/7/2019,107655.47,207373
1007429,10/7/2019,8673.5,2200-65790-001
1022260,10/8/2019,3855.97,271635
1007429,10/7/2019,8673.5,2200-48450-025
1019345,10/9/2019,281.26,202652-02
1007429,10/7/2019,8673.5,2200-48450-025
1016479,10/4/2019,41395.29,293690
1007429,10/5/2019,9967.2,2200-48450-025
1016429,10/7/2019,107655.47,249978J
1007429,10/9/2019,235.34,2200-48450-019
1007429,10/5/2019,9967.2,2200-48450-025
1007429,10/9/2019,449.4,2200-46350-025
1016479,10/4/2019,41395.29,293114
1007429,10/9/2019,449.4,2200-46350-025
1016429,10/7/2019,107655.47,302271
1010215,10/7/2019,121575.28,304033
1016479,10/4/2019,41395.29,291727
1006589,10/9/2019,6742.26,239471
1016429,10/7/2019,107655.47,250952J
1020737,10/4/2019,2086.8,284955
1010215,10/7/2019,121575.28,185579
1016429,10/7/2019,107655.47,228484
1016429,10/7/2019,107655.47,250958
1016429,10/7/2019,107655.47,207371
1020737,10/4/2019,2086.8,292611
1006589,10/9/2019,6742.26,304033
1016429,10/7/2019,107655.47,249964
1010215,10/7/2019,121575.28,185579
1016429,10/7/2019,107655.47,249964
1020737,10/4/2019,2086.8,292604J
1021998,10/9/2019,2886.78,185579
1016429,10/7/2019,107655.47,232253
1016429,10/7/2019,107655.47,300717
1020737,10/4/2019,2086.8,240028J
1016429,10/7/2019,107655.47,249999
1021998,10/9/2019,2886.78,185446
1010215,10/7/2019,121575.28,185446
1020737,10/4/2019,2086.8,240034J
1016429,10/7/2019,107655.47,302235
1007429,10/9/2019,1453.55,2200-48450-025
1007429,10/9/2019,1453.55,2200-48450-025
1010215,10/7/2019,121575.28,185446
1022432,10/9/2019,26749.78,10411
1020737,10/4/2019,2086.8,294098J
1010215,10/7/2019,121575.28,262710
1019337,10/9/2019,20.76,209745-101
1020737,10/4/2019,2086.8,284956
1040700,10/7/2019,113.28,20329240
1020737,10/4/2019,2086.8,294104
1027237,10/8/2019,163.2,273900
1016952,10/9/2019,216865,10094
1020737,10/4/2019,2086.8,262690
1022613,10/7/2019,42189.99,16538
1021976,10/9/2019,92.49,206110-101
1019337,10/8/2019,20.76,209745-101
1016754,10/8/2019,234.75,275618
1022613,10/7/2019,42189.99,10033
1023792,10/4/2019,6067.86,2200-64390-002
1019337,10/9/2019,65.37,207414-03
1037222,10/9/2019,3183.05,293672
1037222,10/9/2019,3183.05,292592
1021188,10/7/2019,7605,209749-101
1018708,10/8/2019,757.08,271637
1037222,10/9/2019,3183.05,293648
1037222,10/9/2019,3183.05,292604
1023792,10/4/2019,6067.86,2200-64390-002
1037222,10/9/2019,3183.05,262690
1037222,10/9/2019,3183.05,292585
1014945,10/8/2019,2392.39,271611
1037222,10/9/2019,3183.05,292478
1037222,10/9/2019,3183.05,292478
1023792,10/4/2019,6067.86,2457-63542-001
1037222,10/9/2019,3183.05,262691
1037222,10/9/2019,3183.05,293666
1012612,10/7/2019,2817.75,01-SSC-1460
1037222,10/9/2019,3183.05,292471
1042125,10/7/2019,92.49,206110-101
1037222,10/9/2019,3183.05,292611
1037222,10/9/2019,3183.05,293654
1023792,10/4/2019,6067.86,2457-63542-001
1021887,10/8/2019,278.46,31029
1037222,10/9/2019,3183.05,292471
1007429,10/8/2019,207.65,2200-48450-025
1037222,10/9/2019,3183.05,230168
1007429,10/8/2019,207.65,2200-48450-025
1037222,10/9/2019,3183.05,255557
1037222,10/9/2019,3183.05,230018
1019794,10/8/2019,425.84,275657
1014945,10/7/2019,6787.26,271611
1020947,10/7/2019,614.07,271635
1019794,10/8/2019,425.84,275611
1007429,10/9/2019,6250.42,2200-48500-025
1007429,10/9/2019,6250.42,2200-48500-025
1020984,10/9/2019,4324.08,10096
1007429,10/9/2019,6250.42,2200-66070-001
1007429,10/9/2019,6250.42,2200-66070-001
1021190,10/7/2019,56.68,2399-823-109
1018171,10/7/2019,4374.44,275615
1021976,10/7/2019,92.49,206110-101
1020984,10/9/2019,4324.08,16177
1015609,10/14/2019,367716.69,10051H
1015609,10/14/2019,367716.69,17404
1021007,10/8/2019,2425.12,31013
1017437,10/8/2019,4350.8,10094
1015836,10/7/2019,120.96,2129-82-04
1017437,10/8/2019,4350.8,10094
1015609,10/14/2019,367716.69,10070H
1020984,10/9/2019,4324.08,10945
1015459,10/7/2019,720,266111
1021007,10/8/2019,1818.84,31013
1015609,10/14/2019,367716.69,10070H
1037687,10/8/2019,2503.95,20952075
1020984,10/9/2019,4324.08,16169
1037687,10/8/2019,2503.95,20350236
1015459,10/7/2019,720,271635
1020984,10/9/2019,4324.08,10951
1022897,10/9/2019,134563.2,185579
1022897,10/9/2019,134563.2,185446
1037687,10/8/2019,2503.95,20952005
1022897,10/9/2019,134563.2,304033
1021190,10/4/2019,229.84,2215-61727-001
1015609,10/14/2019,367716.69,10033
1016047,10/8/2019,4418.81,10945
1039952,10/16/2019,109.92,20952002
1016047,10/8/2019,4418.81,16704
1015560,10/7/2019,1073.7,271635
1021190,10/16/2019,76.14,206110-101
1016047,10/8/2019,4418.81,10941
1015609,10/14/2019,367716.69,10305
1020820,10/7/2019,365.05,26716-01
1021033,10/8/2019,75744.85,31029
1015609,10/14/2019,367716.69,10305
1016843,10/16/2019,328.8,201859-02
1007429,10/9/2019,207.65,2200-48450-025
1007429,10/9/2019,207.65,2200-48450-025
1007429,10/8/2019,2491.8,2200-48450-025
1015609,10/14/2019,367716.69,10301
1021033,10/8/2019,75744.85,31029
1007429,10/8/2019,2491.8,2200-48450-025
1015609,10/14/2019,367716.69,10301
1021033,10/8/2019,75744.85,31029
1016011,10/7/2019,3530.03,16531
1016843,10/16/2019,328.8,201859-02
1015609,10/14/2019,367716.69,16535
1021033,10/8/2019,75744.85,30519
1037515,10/16/2019,49320,202678-02
1015745,10/7/2019,461.6,307323
1016429,10/7/2019,18.46,232253
1016429,10/7/2019,18.46,292473J
1037515,10/16/2019,49320,202652-02
1016429,10/7/2019,18.46,292480
1021033,10/8/2019,75744.85,30519
1039952,10/8/2019,28.32,20329240
1021033,10/8/2019,75744.85,30519
1007429,10/9/2019,1453.55,2200-48450-025
1006637,10/7/2019,6956.37,MT9234ZBA-IEC-OBM
1007429,10/9/2019,1453.55,2200-48450-025
1021190,10/16/2019,20.31,209745-101
1006478,10/7/2019,7719,WGGS-JUN-AOH-SVC-RTF-SRX550
1024653,10/8/2019,511.8,10096
1017205,10/8/2019,173.36,203946-02
1021033,10/8/2019,75744.85,30519
1006478,10/7/2019,7719,WGGS-JUN-AOH-SVC-RTF-SSG550M
1030090,10/16/2019,879.28,209745-101
1021033,10/8/2019,75744.85,30520
1030343,10/8/2019,604.66,209745-101
1015987,10/16/2019,2453.88,10301
1021033,10/8/2019,75744.85,30520
1021724,10/8/2019,106.04,174956
1006478,10/7/2019,7719,WGGS-JUN-AOH-SVC-RTF-SSG550M
1021033,10/8/2019,75744.85,30520
1021724,10/8/2019,106.04,229444
1007896,10/9/2019,16518.32,184716
1007896,10/9/2019,16518.32,259401
1015987,10/16/2019,2453.88,16542
1006478,10/7/2019,7719,WGEM-JUN-AOH-SVC-RTF-SRX550
1007896,10/9/2019,16518.32,184856
1021033,10/8/2019,75744.85,30520
1007896,10/9/2019,16518.32,232301
1021033,10/8/2019,75744.85,30518
1015987,10/16/2019,2453.88,16535
1006478,10/7/2019,7719,WGEM-JUN-AOH-SVC-RTF-SRX550
1007896,10/9/2019,16518.32,307408
1021033,10/8/2019,75744.85,30518
1021952,10/16/2019,13590.89,271629
1006478,10/7/2019,7719,WGGS-JUN-AOH-SVC-RTF-SSG350
1007896,10/9/2019,16518.32,231820
1021033,10/8/2019,75744.85,30518
1021259,10/16/2019,107.1,202652-03
1006478,10/7/2019,7719,WGGS-JUN-AOH-SVC-RTF-SRX340HW
1020397,10/16/2019,1244.04,16523
1021033,10/8/2019,75744.85,31032
1020397,10/16/2019,1244.04,16531
1019337,10/8/2019,20.76,209745-101
1041224,10/16/2019,3114.99,15454-M10X10GLC-RF
1021033,10/8/2019,75744.85,31032
1007429,10/18/2019,885.88,2200-48450-025
1006478,10/7/2019,7719,WGGS-JUN-AOH-SVC-RTF-SRX550
1007429,10/18/2019,885.88,2200-48450-025
1021033,10/8/2019,75744.85,31032
1019438,10/16/2019,636.18,239350
1006478,10/7/2019,7719,WGEM-JUN-AOH-SVC-RTF-SRX340HW
1022523,10/8/2019,781.79,14201-43
1021033,10/8/2019,75744.85,31051
1015836,10/8/2019,61.04,2303-820-104
1006478,10/7/2019,7719,WGGS-JUN-SVC-SUP-SRX340JSB
1021033,10/8/2019,75744.85,30516
1019338,10/8/2019,1225.14,2200-16200-102
1007429,10/10/2019,207.65,2200-48450-025
1022432,10/16/2019,4142.64,30516
1007429,10/10/2019,207.65,2200-48450-025
1021033,10/8/2019,75744.85,30516
1016479,10/7/2019,0.05,284959J
1022157,10/8/2019,6825,202652-04
1021033,10/8/2019,75744.85,30516
1017643,10/8/2019,295.7,275619
1016479,10/7/2019,0.05,184716
1021033,10/8/2019,75744.85,31051
1039552,10/8/2019,41.5,207576-01
1022432,10/16/2019,4142.64,30135
1016479,10/7/2019,0.05,184716
1026284,10/9/2019,43.52,201859-02
1021033,10/8/2019,75744.85,31051
1016479,10/7/2019,0.05,307098
1021033,10/8/2019,75744.85,31051
1016939,10/8/2019,529.6,2200-48450-025
1022432,10/16/2019,4142.64,30315
1016479,10/7/2019,0.05,284960
1021385,10/8/2019,372,10411
1016479,10/7/2019,0.05,232253
1019776,10/8/2019,205.11,207414-03
1022432,10/16/2019,4142.64,31029
1005351,10/9/2019,15146,16054-M1-23
1020736,10/8/2019,11733.66,10051H
1016479,10/7/2019,0.05,232253
1021188,10/16/2019,230.78,14201-36
1020736,10/8/2019,11733.66,10051H
1040710,10/7/2019,20490,2200-48450-025
1018884,10/7/2019,15038.57,2201-52757-001
1020736,10/16/2019,4162.28,10304
1018884,10/7/2019,15038.57,2200-15600-001
1017926,10/9/2019,8744.91,257898
1017926,10/9/2019,8744.91,254970
1017926,10/9/2019,8744.91,241848
1017926,10/9/2019,8744.91,241848
1020736,10/8/2019,11733.66,10305
1017926,10/9/2019,8744.91,241848
1017926,10/9/2019,8744.91,288983
1021976,10/7/2019,92.49,206110-101
1017926,10/9/2019,8744.91,288983
1017926,10/9/2019,8744.91,288983
1020736,10/16/2019,4162.28,16535
1017926,10/9/2019,8744.91,288983
1017926,10/9/2019,8744.91,288983
1017926,10/9/2019,8744.91,236008
1017926,10/9/2019,8744.91,257886
1017926,10/9/2019,8744.91,249276
1007429,10/10/2019,432.35,2200-48300-025
1017926,10/9/2019,8744.91,249276
1020736,10/8/2019,11733.66,10304
1007429,10/10/2019,432.35,2200-48300-025
1017926,10/9/2019,8744.91,249276
1007429,10/10/2019,432.35,2200-48450-025
1017926,10/9/2019,8744.91,257910
1017926,10/9/2019,8744.91,291370
1020736,10/16/2019,4162.28,10051H
1017926,10/9/2019,8744.91,291370
1017926,10/9/2019,8744.91,291370
1017926,10/9/2019,8744.91,291370
1007429,10/10/2019,432.35,2200-48450-025
1017926,10/9/2019,8744.91,291370
1006726,10/17/2019,47795,WGGS-JUN-AOH-SVC-RTF-SRX1500JE
1017926,10/9/2019,8744.91,252227
1007429,10/10/2019,432.35,2200-46350-025
1017926,10/9/2019,8744.91,240505
1007429,10/10/2019,432.35,2200-46350-025
1020736,10/8/2019,11733.66,10304
1022432,10/16/2019,2149.06,16542
1017926,10/9/2019,8744.91,252221
1017926,10/9/2019,8744.91,252233
1017926,10/9/2019,8744.91,252215
1026585,10/7/2019,8189.1,2200-66700-019
1017926,10/9/2019,8744.91,291377
1022432,10/16/2019,2149.06,16533
1022636,10/16/2019,26165.12,282623
1017926,10/9/2019,8744.91,291377
1022636,10/16/2019,26165.12,284101
1017926,10/9/2019,8744.91,291377
1022636,10/16/2019,26165.12,284100
1022636,10/16/2019,26165.12,284102
1017926,10/9/2019,8744.91,291377
1022636,10/16/2019,26165.12,284102
1017926,10/9/2019,8744.91,291377
1022636,10/16/2019,26165.12,282635
1017926,10/9/2019,8744.91,236014
1022636,10/16/2019,26165.12,266111
1017926,10/9/2019,8744.91,288977
1039021,10/7/2019,1591.92,WGEM-PLC-4870-85330-160
1017926,10/9/2019,8744.91,288977
1022636,10/16/2019,26165.12,271631
1022636,10/16/2019,26165.12,271631
1020736,10/8/2019,11733.66,16535
1022636,10/16/2019,26165.12,271631
1022636,10/16/2019,26165.12,271631
1040426,10/7/2019,85.8,20952078
1015820,10/7/2019,30968.4,296555
1015820,10/7/2019,30968.4,296549J
1007429,10/21/2019,2400.03,2200-48500-025
1017926,10/9/2019,8744.91,288977
1020736,10/8/2019,11733.66,16535
1017926,10/9/2019,8744.91,288977
1007429,10/21/2019,2400.03,2200-48500-025
1007429,10/21/2019,2400.03,2200-48300-025
1017067,10/8/2019,16630.53,16531
1017926,10/9/2019,8744.91,288977
1007429,10/8/2019,224.7,2200-46350-025
1017926,10/9/2019,8744.91,257874
1017067,10/8/2019,16630.53,10051H
1017926,10/9/2019,8744.91,248554
1007429,10/21/2019,2400.03,2200-48300-025
1017067,10/8/2019,16630.53,16534
1007429,10/8/2019,224.7,2200-46350-025
1039952,10/17/2019,283.2,20329240
1017437,10/7/2019,3597.6,10094
1017067,10/8/2019,16630.53,16533
1017416,10/7/2019,3673.16,2200-66070-019
1007429,10/18/2019,221.47,2200-48450-025
1025859,10/9/2019,285.98,2200-69631-001
1007429,10/18/2019,221.47,2200-48450-025
1019337,10/9/2019,20.76,209745-101
1039552,10/7/2019,136.93,207576-01
1021007,10/8/2019,12159.48,10094
1031486,10/17/2019,2223.64,2200-32530-025
1017067,10/8/2019,980,16523
1029851,10/9/2019,77466.2,185446
1016047,10/7/2019,133.3,10304
1020492,10/9/2019,274.86,271635
1007429,10/9/2019,1661.2,2200-48450-025
1007429,10/18/2019,1332.77,2200-66070-001
1007429,10/9/2019,1661.2,2200-48450-025
1007429,10/18/2019,1332.77,2200-66070-001
1030090,10/9/2019,439,209745-101
1021843,10/17/2019,107.1,202652-03
1031360,10/9/2019,44196.54,105999-311
1037222,10/9/2019,977.8,10313
1022385,10/8/2019,345.8,14201-10
1007429,10/9/2019,207.65,2200-48450-025
1026284,10/17/2019,1402.03,284959
1021007,10/9/2019,38522.34,10094
1021724,10/8/2019,423.8,229444
1026284,10/17/2019,1402.03,284960
1007429,10/9/2019,207.65,2200-48450-025
1026284,10/17/2019,627.22,207326-02
1024678,10/9/2019,2037.22,207326-02
1020399,10/8/2019,129.74,211996-01
1021007,10/9/2019,38522.34,10094
1021481,10/8/2019,1469.6,209747-101
1021188,10/9/2019,2375.25,27190-01
1016229,10/9/2019,180,2200-48871-015
1021212,10/8/2019,44.6,211076-01
1021007,10/9/2019,38522.34,10304
1022613,10/9/2019,9996.16,10943
1007429,10/10/2019,830.6,2200-48450-025
1021234,10/8/2019,615.98,208769-01
1007429,10/10/2019,830.6,2200-48450-025
1021481,10/8/2019,734.8,209751-101
1021007,10/17/2019,11029.16,10945
1021007,10/9/2019,38522.34,10923
1022613,10/8/2019,10771.06,10033
1021007,10/9/2019,65552.49,16533
1022613,10/8/2019,10771.06,16531
1021007,10/17/2019,11029.16,16535
1029192,10/8/2019,317.57,209747-22
1021007,10/9/2019,38522.34,16542
1021007,10/9/2019,65552.49,10923
1021007,10/17/2019,11029.16,16711
1021724,10/8/2019,106.04,229444
1021007,10/9/2019,38522.34,10052H
1021724,10/8/2019,106.04,174956
1021007,10/9/2019,65552.49,16535
1016874,10/8/2019,2687.44,202652-02
1021007,10/17/2019,11029.16,10306
1016874,10/8/2019,2687.44,206110-101
1021007,10/9/2019,38522.34,16535
1021367,10/8/2019,6328.13,20350804
1021007,10/9/2019,65552.49,10052H
1016267,10/8/2019,81.1,174956
1021007,10/17/2019,11029.16,16703
1013517,10/8/2019,1003.26,13831-002
1021007,10/9/2019,38522.34,10302
1019794,10/8/2019,7271.48,294106
1019794,10/8/2019,7271.48,292606J
1021007,10/9/2019,65552.49,10302
1019794,10/8/2019,7271.48,294100J
1021007,10/17/2019,11029.16,10094
1019794,10/8/2019,7271.48,292613
1021007,10/9/2019,38522.34,16533
1016602,10/8/2019,388602,10338
1021007,10/9/2019,65552.49,10094
1039552,10/16/2019,24.7,203710-02
1016602,10/8/2019,388602,10320
1021007,10/17/2019,11029.16,10094
1013371,10/16/2019,5642.03,01-SSC-1442
1016602,10/8/2019,388602,10302
1021007,10/9/2019,65552.49,10094
1013371,10/16/2019,5642.03,01-SSC-3989
1016602,10/8/2019,388602,10401
1021007,10/17/2019,11029.16,10304
1013371,10/16/2019,5642.03,01-SSC-1491
1016602,10/8/2019,388602,10334
1021007,10/9/2019,65552.49,10304
1019345,10/9/2019,771.96,202652-04
1019345,10/9/2019,771.96,202652-02
1021007,10/17/2019,11029.16,10304
1016602,10/8/2019,388602,10301
1021188,10/16/2019,168.25,203947-02
1017437,10/16/2019,1407.7,10094
1016602,10/8/2019,388602,10403
1020736,10/9/2019,1917.4,10305
1021007,10/17/2019,11029.16,10305
1015870,10/16/2019,2574.06,304033
1020736,10/9/2019,1917.4,16535
1019804,10/9/2019,769.52,201859-02
1021007,10/8/2019,1818.84,31013
1016074,10/16/2019,362.64,2200-48450-019
1021367,10/9/2019,129.85,2406-820-204
1039552,10/8/2019,20.25,209745-101
1021007,10/17/2019,11029.16,10951
1020984,10/16/2019,1526.58,10034
1016246,10/9/2019,69.92,229444
1021259,10/8/2019,36.74,209747-101
1022386,10/8/2019,1351.75,253606
1007352,10/18/2019,565.94,011.180.0015
1022386,10/8/2019,1351.75,257020J
1020984,10/16/2019,1526.58,16533
1022386,10/8/2019,1351.75,240904J
1022386,10/8/2019,1351.75,242149J
1020436,10/16/2019,2931.96,31013
1013517,10/16/2019,2536.56,01-SSC-1471
1022386,10/8/2019,1351.75,253614
1020436,10/16/2019,2931.96,31013
1007352,10/18/2019,565.94,004.002.0019
1012612,10/16/2019,7724,01-SSC-1480
1042125,10/16/2019,36.27,209746-101
1025419,10/8/2019,13526.16,10051H
1021259,10/16/2019,36.74,209751-101
1007352,10/18/2019,565.94,004.002.0019
1025419,10/8/2019,13526.16,17402
1007352,10/18/2019,565.94,004.002.0019
1016158,10/17/2019,2488.18,2200-40040-001
1023175,10/17/2019,350,209745-101
1025419,10/8/2019,13526.16,10302
1022092,10/16/2019,6755.56,271635
1025419,10/8/2019,13526.16,16532
1007429,10/18/2019,1328.82,2200-48450-025
1007429,10/18/2019,1328.82,2200-48450-025
1025419,10/8/2019,13526.16,10946
1007429,10/18/2019,1328.82,2200-66700-025
1020034,10/16/2019,356.98,2457-52787-001
1007429,10/18/2019,1328.82,2200-66700-025
1007429,10/18/2019,1328.82,2200-66700-025
1023251,10/16/2019,118.31,202652-03
1019804,10/18/2019,1772.18,206110-101
1025419,10/8/2019,13526.16,16542
1007429,10/17/2019,146969.55,185446
1025419,10/8/2019,13526.16,10305
1016010,10/17/2019,2304.75,201853-02
1020034,10/16/2019,356.98,1457-52783-003
1025419,10/8/2019,13526.16,10304
1019804,10/18/2019,1772.18,209506-01
1025419,10/8/2019,13526.16,10943
1021976,10/16/2019,92.49,206110-101
1015836,10/8/2019,314.16,2129-82-04
1030920,10/18/2019,25609.08,2200-66070-001
1021259,10/16/2019,36.74,209751-101
1020034,10/16/2019,356.98,2215-06599-001
1021724,10/8/2019,106.04,174956
1007429,10/18/2019,221.47,2200-48450-025
1041084,10/18/2019,79147.66,10925
1007429,10/18/2019,221.47,2200-48450-025
1007429,10/18/2019,1107.35,2200-48450-025
1007429,10/18/2019,1107.35,2200-66700-025
1020034,10/16/2019,356.98,2457-52788-002
1041084,10/18/2019,79147.66,10033
1007429,10/18/2019,1107.35,2200-66700-025
1007429,10/18/2019,1107.35,2200-66700-025
1021724,10/8/2019,106.04,229444
1007429,10/18/2019,1107.35,2200-48450-025
1041084,10/18/2019,79147.66,10070H
1007429,10/18/2019,1333.35,2200-48300-025
1021724,10/8/2019,32.6,229444
1007429,10/18/2019,1333.35,2200-48300-025
1019337,10/16/2019,20.76,209745-101
1007429,10/18/2019,1333.35,2200-48300-025
1041084,10/18/2019,79147.66,17111
1007429,10/18/2019,1333.35,2200-48500-025
1007429,10/18/2019,1333.35,2200-48500-025
1041084,10/18/2019,79147.66,10301
1021259,10/16/2019,369.96,206110-101
1007429,10/9/2019,224.7,2200-46350-025
1007429,10/9/2019,224.7,2200-46350-025
1041084,10/18/2019,79147.66,17310
1040924,10/16/2019,31,20952005
1018325,10/18/2019,7083.62,16546
1019337,10/9/2019,18.36,209744-101
1021190,10/17/2019,2399.1,2200-66070-019
1018325,10/18/2019,7083.62,16542
1016010,10/9/2019,873.93,212480-01
1007429,10/18/2019,885.88,2200-48450-025
1007429,10/18/2019,885.88,2200-48450-025
1007429,10/18/2019,885.88,2200-66700-025
1040426,10/9/2019,24.96,20952156
1018325,10/18/2019,7083.62,16534
1017244,10/9/2019,4286.1,10033
1006529,10/17/2019,1265.47,271613
1007429,10/18/2019,885.88,2200-66700-025
1037222,10/9/2019,970.15,31029
1028297,10/18/2019,188672.98,2RING-APPS
1006529,10/17/2019,1265.47,271611
1039952,10/9/2019,206.24,20952078
1007429,10/18/2019,885.88,2200-66700-025
1007429,10/17/2019,221.47,2200-48450-025
1039952,10/9/2019,206.24,20952156
1022365,10/17/2019,60.6,229444
1028297,10/18/2019,188672.98,2R-FIN-ENH-LIC
1007429,10/17/2019,221.47,2200-48450-025
1007429,10/18/2019,1328.82,2200-48450-025
1007429,10/18/2019,1328.82,2200-48450-025
1028297,10/18/2019,188672.98,2R-SUP-FIN-ENH-1Y
1021104,10/17/2019,155.75,203946-02
1022310,10/17/2019,2213.65,2215-61727-001
1021007,10/9/2019,2590.08,10GB-LR-SFPP
1022310,10/17/2019,2278.65,2215-61727-001
1019438,10/18/2019,1272.08,239350
1015724,10/16/2019,1173.57,284113
1019438,10/18/2019,1272.08,239350
1021367,10/17/2019,917.28,31029
1021007,10/9/2019,2590.08,10GB-F20-SFPP
1031319,10/9/2019,37617.38,11-72959-04R
1016010,10/17/2019,12673.25,209747-101
1024638,10/18/2019,168.36,207309-12
1042066,10/18/2019,8740.16,20351489
1017980,10/17/2019,662.73,271629
1042066,10/18/2019,8740.16,203504351
1016843,10/9/2019,4499.05,202652-04
1016010,10/17/2019,12673.25,2200-32530-025
1017437,10/17/2019,7376.52,10094
1021370,10/18/2019,92.49,206110-101
1016843,10/9/2019,4499.05,201859-02
1020945,10/17/2019,65.18,229444
1020436,10/18/2019,5323.42,10945
1036077,10/17/2019,745.78,16567
1021104,10/16/2019,192.3,202599-03
1020436,10/18/2019,5323.42,16531
1016362,10/17/2019,2125,292719J
1020436,10/18/2019,5323.42,16538
1024396,10/16/2019,1716.42,211996-01
1020399,10/17/2019,132.44,202581-01
1024396,10/16/2019,1716.42,209747-101
1022310,10/17/2019,2213.65,2215-61727-001
1016362,10/17/2019,2125,232253
1038427,10/18/2019,62771.25,207576-01
1024396,10/16/2019,1716.42,208769-01
1024396,10/16/2019,1716.42,211710-01
1016362,10/17/2019,2125,292726
1017980,10/17/2019,505.9,271629
1024396,10/16/2019,1716.42,207586-01
1038427,10/18/2019,62771.25,202581-01
1024396,10/16/2019,1716.42,209749-101
1023258,10/17/2019,379.8,275611
1022636,10/17/2019,6409.06,232253
1022636,10/17/2019,6409.06,185840
1022636,10/17/2019,6409.06,185840
1042125,10/17/2019,220.44,209747-101
1042125,10/17/2019,220.44,209747-101
1021724,10/16/2019,65.2,229444
1017643,10/17/2019,147.85,275618
1023397,10/17/2019,807.52,25-85392-01R
1021033,10/16/2019,3422.91,10945
1007429,10/21/2019,111.86,2200-46300-025
1007429,10/21/2019,111.86,2200-46300-025
1021976,10/17/2019,92.49,206110-101
1007429,10/21/2019,239.65,2200-46350-025
1020874,10/18/2019,934,271638
1007429,10/21/2019,239.65,2200-46350-025
1021033,10/16/2019,3422.91,10051H
1019337,10/18/2019,18.36,209744-101
1016149,10/18/2019,40871.77,2200-65790-001
1020166,10/18/2019,130.6,209745-101
1021033,10/16/2019,3422.91,10312
1019776,10/17/2019,3960.3,209745-101
1026447,10/18/2019,8404.66,201859-02
1039533,10/18/2019,344.32,20952065
1019776,10/17/2019,3960.3,201859-02
1026447,10/18/2019,8404.66,209747-101
1021033,10/16/2019,3422.91,16178
1015609,10/18/2019,103344.23,10305
1019337,10/17/2019,99.27,202652-02
1026447,10/18/2019,8404.66,204755-01
1037222,10/16/2019,1871.72,10930A
1026447,10/18/2019,8404.66,203947-02
1037222,10/16/2019,1871.72,10933
1015609,10/18/2019,103344.23,10305
1007429,10/18/2019,1866.69,2200-48500-025
1039552,10/17/2019,60.75,209745-101
1007429,10/18/2019,1866.69,2200-48500-025
1007429,10/18/2019,885.88,2200-48450-025
1007429,10/18/2019,885.88,2200-48450-025
1015609,10/18/2019,103344.23,10070H
1007429,10/18/2019,885.88,2200-66700-025
1007429,10/18/2019,885.88,2200-66700-025
1022432,10/17/2019,1750.13,16533
1007429,10/18/2019,885.88,2200-66700-025
1007429,10/18/2019,442.94,2200-48450-025
1007429,10/18/2019,442.94,2200-48450-025
1015609,10/18/2019,103344.23,10070H
1017437,10/16/2019,40439.94,10094
1017437,10/16/2019,40439.94,10094
1017437,10/16/2019,40439.94,10094
1021259,10/17/2019,107.1,202652-03
1017437,10/16/2019,40439.94,10094
1041861,10/17/2019,238.75,207325-12
1015609,10/18/2019,103344.23,10301
1018984,10/21/2019,4528.51,10945
1018984,10/21/2019,4528.51,10951
1018984,10/21/2019,4528.51,16718
1021887,10/16/2019,2843.61,16535
1016010,10/17/2019,67.2,201851-02
1016429,10/21/2019,526.8,292480
1017067,10/17/2019,9984.43,16531
1021887,10/16/2019,2843.61,10051H
1015609,10/18/2019,103344.23,10301
1017067,10/17/2019,9984.43,16530
1016429,10/21/2019,526.8,292473J
1015609,10/18/2019,103344.23,16535
1029192,10/21/2019,226.17,185446
1022059,10/16/2019,92.49,206110-101
1015609,10/18/2019,103344.23,16535
1007429,10/18/2019,266.67,2200-48500-025
1037687,10/21/2019,5627.64,20351211
1037687,10/21/2019,5627.64,20350236
1015609,10/18/2019,103344.23,10033
1016874,10/17/2019,314.78,202652-02
1007429,10/18/2019,266.67,2200-48500-025
1037687,10/21/2019,5627.64,20329239
1016429,10/17/2019,6746,232256
1015609,10/18/2019,103344.23,10051H
1037687,10/21/2019,5627.64,20350247
1016429,10/17/2019,6746,293200J
1021212,10/17/2019,76.55,207576-01
1037687,10/21/2019,5627.64,203504351
1007429,10/18/2019,664.41,2200-48450-025
1015609,10/18/2019,103344.23,17404
1023103,10/18/2019,362.36,271635
1007429,10/18/2019,664.41,2200-48450-025
1007429,10/19/2019,111.86,2200-46300-025
1037687,10/21/2019,5627.64,20351489
1007429,10/19/2019,111.86,2200-46300-025
1022046,10/18/2019,291.6,2457-64356-001
1006510,10/17/2019,5160,WGGS-JUN-AOH-SVC-RTF-SRX650
1037687,10/21/2019,5627.64,20351009
1021033,10/18/2019,2604.34,10312
1037687,10/21/2019,5627.64,20952005
1006510,10/17/2019,5160,WGEM-JUN-AOH-SVC-RTF-SRX650
1007352,10/18/2019,565.94,004.002.0019
1037687,10/21/2019,5627.64,20952075
1021033,10/18/2019,2604.34,10941
1015745,10/21/2019,1140.83,271638
1015745,10/21/2019,1140.83,284105
1040737,10/17/2019,574.09,185579
1015745,10/21/2019,1140.83,271639
1015745,10/21/2019,1140.83,284104
1019900,10/17/2019,2767.9,20952031
1015745,10/21/2019,1140.83,284104
1006601,10/18/2019,50385,10096
1037515,10/21/2019,2232.15,2200-21540-001
1019337,10/17/2019,46.54,207576-01
1007352,10/18/2019,565.94,004.002.0019
1037515,10/21/2019,2232.15,2200-66070-019
1007429,10/18/2019,506.32,2200-46350-025
1037515,10/21/2019,2232.15,2215-61727-001
1006601,10/18/2019,50385,10034
1040426,10/21/2019,1447.23,20350820
1007352,10/18/2019,565.94,004.002.0019
1007429,10/18/2019,506.32,2200-46350-025
1021104,10/21/2019,239.27,207325-12
1006601,10/18/2019,50385,10034
1007352,10/18/2019,565.94,011.180.0015
1007429,10/18/2019,506.32,2200-48500-025
1027154,10/21/2019,28684,2200-48871-125
1007429,10/21/2019,266.67,2200-48500-025
1007429,10/18/2019,506.32,2200-48500-025
1037714,10/17/2019,5668.07,16179
1037714,10/17/2019,5668.07,16177
1007429,10/21/2019,266.67,2200-48500-025
1027154,10/21/2019,28684,2200-48820-025
1007429,10/21/2019,337.04,2200-48600-025
1007429,10/21/2019,337.04,2200-48600-025
1027154,10/21/2019,28684,2200-48840-025
1019337,10/17/2019,46.54,207576-01
1021258,10/18/2019,36.74,209751-101
1016293,10/17/2019,571.15,275665
1016293,10/17/2019,571.15,275618
1027154,10/21/2019,28684,2200-48810-025
1021952,10/18/2019,168.68,271629
1017349,10/18/2019,602.98,230182J
1017602,10/21/2019,172.88,202967
1021951,10/17/2019,12465.99,10960
1017349,10/18/2019,602.98,230182J
1039952,10/21/2019,4012.44,20350820
1021952,10/18/2019,168.68,271631
1017349,10/18/2019,2026.11,285787J
1017980,10/18/2019,163,229444
1039952,10/21/2019,4012.44,20350333
1021214,10/18/2019,19830.44,10925
1021951,10/17/2019,12465.99,16790
1017349,10/18/2019,2026.11,285793
1039952,10/21/2019,4012.44,203512881
1021214,10/18/2019,19830.44,17111
1039952,10/21/2019,4012.44,20351063
1021951,10/17/2019,12465.99,17115^007
1017349,10/18/2019,2026.11,292613
1022310,10/17/2019,2213.65,2215-61727-001
1021214,10/18/2019,19830.44,17310
1020142,10/17/2019,842.94,275611
1039952,10/21/2019,4012.44,20351489
1007429,10/23/2019,199.8,2200-48560-012
1021214,10/18/2019,19830.44,10311
1007429,10/22/2019,250.99,2200-48450-019
1017349,10/18/2019,2026.11,285775
1016145,10/18/2019,336.44,283289
1020142,10/17/2019,842.94,2200-66070-019
1016429,10/17/2019,177.59,275632
1007429,10/21/2019,442.94,2200-48450-025
1017349,10/18/2019,2026.11,230152J
1007429,10/21/2019,442.94,2200-48450-025
1039533,10/18/2019,758.91,20952065
1017260,10/21/2019,4289.79,16542
1025419,10/18/2019,1246.45,16531
1039533,10/18/2019,758.91,20329240
1016293,10/18/2019,1850.59,273733
1017349,10/18/2019,2026.11,293722
1016293,10/18/2019,1850.59,271631
1017260,10/21/2019,4289.79,16534
1007429,10/21/2019,239.65,2200-46350-025
1007429,10/21/2019,239.65,2200-46350-025
1018589,10/21/2019,675.93,10305
1018589,10/21/2019,675.93,10305
1017349,10/18/2019,2026.11,285769
1039552,10/18/2019,162,209749-101
1007352,10/18/2019,565.94,004.002.0019
1017349,10/18/2019,2026.11,293722J
1016790,10/18/2019,5250,209745-101
1018589,10/21/2019,675.93,10304
1037279,10/18/2019,97574.79,292608
1007352,10/18/2019,565.94,004.002.0019
1007429,10/23/2019,221.47,2200-48450-025
1037279,10/18/2019,97574.79,292615
1017349,10/18/2019,2026.11,293728
1037279,10/18/2019,97574.79,232253
1022896,10/18/2019,371.53,10051H
1037656,10/18/2019,233853.04,271727
1017349,10/18/2019,2026.11,292689
1007352,10/18/2019,565.94,004.002.0019
1007429,10/23/2019,221.47,2200-48450-025
1020142,10/18/2019,47.7,2457-23215-001
1017349,10/18/2019,2026.11,292682J
1016083,10/18/2019,7400.1,2215-00286-002
1021952,10/22/2019,646.1,271629
1007352,10/18/2019,565.94,011.180.0015
1016083,10/18/2019,7400.1,2215-68675-001
1017349,10/18/2019,2026.11,291729J
1005316,10/18/2019,2123.37,266111
1016083,10/18/2019,7400.1,2215-64200-001
1021952,10/22/2019,646.1,271631
1017349,10/18/2019,2026.11,291736
1005316,10/18/2019,2123.37,271610
1016083,10/18/2019,7400.1,2457-64356-101
1022059,10/21/2019,36.27,209750-101
1017349,10/18/2019,2026.11,293728
1005316,10/18/2019,2123.37,271610
1013164,10/20/2019,1458.56,01-SSC-4429
1038309,10/22/2019,3135.68,271611
1007429,10/25/2019,239.65,2200-46350-025
1017349,10/18/2019,2026.11,292606J
1007429,10/25/2019,239.65,2200-46350-025
1007429,10/25/2019,239.65,2200-48300-025
1021104,10/22/2019,127.22,207577-01
1007429,10/25/2019,239.65,2200-48300-025
1017437,10/22/2019,1270,10094
1021952,10/18/2019,672.78,271629
1031361,10/18/2019,1112.69,201859-02
1021007,10/21/2019,8820.2,10094
1007429,10/21/2019,885.88,2200-48450-025
1007429,10/21/2019,885.88,2200-48450-025
1021952,10/18/2019,672.78,271631
1012999,10/22/2019,214.77,229426
1027364,10/18/2019,227046.98,2200-66070-019
1021007,10/21/2019,8820.2,10094
1027364,10/18/2019,227046.98,2200-48500-019
1021007,10/21/2019,11311.77,10094
1027364,10/18/2019,227046.98,2200-48500-019
1027364,10/18/2019,227046.98,2200-16200-102
1016047,10/21/2019,46052.94,10413
1016083,10/22/2019,3585.54,2215-64200-001
1027364,10/18/2019,227046.98,2200-16155-015
1021007,10/21/2019,11311.77,10094
1005351,10/21/2019,3911.25,21210874
1027364,10/18/2019,227046.98,2200-63880-102
1017416,10/18/2019,2385.32,2200-15600-001
1016083,10/22/2019,3585.54,2215-64200-001
1015745,10/21/2019,78.09,293650J
1017416,10/18/2019,2385.32,2200-30900-025
1016010,10/21/2019,3040.11,15729-05
1021007,10/22/2019,1212.56,31013
1015745,10/21/2019,78.09,293650J
1015644,10/18/2019,129.73,14201-10
1016010,10/21/2019,3040.11,211076-01
1025937,10/22/2019,17994.12,15216-LC-LC-10=
1016427,10/18/2019,463.89,202652-02
1015745,10/21/2019,78.09,293650J
1015745,10/21/2019,78.09,293632J
1019337,10/18/2019,18.36,209744-101
1021976,10/22/2019,35.51,14101-46
1007429,10/21/2019,250.99,2200-48450-019
1017437,10/21/2019,3600,10094
1016010,10/21/2019,3040.11,207325-12
1019337,10/18/2019,46.54,207576-01
1020996,10/22/2019,228.98,185446
1019438,10/21/2019,636.08,239350
1016010,10/21/2019,3040.11,202997-02
1020996,10/22/2019,228.98,262710
1015959,10/21/2019,442.57,271631
1021104,10/18/2019,155.75,203946-02
1021259,10/21/2019,36.74,209751-101
1020436,10/18/2019,1816.22,31029
1020996,10/22/2019,228.98,185446
1016047,10/21/2019,4551.72,10930A
1020436,10/18/2019,1816.22,30516
1021190,10/21/2019,20.31,209749-101
1016047,10/21/2019,4551.72,10945
1037222,10/18/2019,291.84,16542
1016512,10/18/2019,587.6,10071H
1020996,10/22/2019,228.98,185579
1016047,10/21/2019,4551.72,17401
1021104,10/21/2019,239.27,207325-12
1018058,10/21/2019,63.54,275618
1016322,10/21/2019,384.81,271632
1037714,10/21/2019,790.4,209745-101
1021007,10/18/2019,5659.85,16535
1025937,10/21/2019,78839.94,15216-LC-LC-10=
1020996,10/22/2019,228.98,185579
1025937,10/21/2019,78839.94,15216-LC-LC-10=
1021007,10/21/2019,404.22,10094
1025937,10/21/2019,78839.94,15216-LC-LC-10=
1025937,10/21/2019,78839.94,15216-LC-LC-10=
1021007,10/18/2019,5659.85,16542
1015418,10/28/2019,377282.51,10313
1025937,10/21/2019,78839.94,15216-LC-LC-10=
1020996,10/22/2019,228.98,304033
1017437,10/22/2019,815.8,10033
1040700,10/21/2019,865.85,20351063
1015418,10/28/2019,377282.51,10312
1040700,10/21/2019,865.85,20350823
1019776,10/22/2019,1519.39,207414-03
1017643,10/22/2019,68.36,174956
1021007,10/18/2019,5659.85,10301
1040700,10/21/2019,865.85,20350804
1015418,10/28/2019,377282.51,10945
1016010,10/22/2019,2323.37,207576-01
1024396,10/22/2019,3230.69,208769-01
1021007,10/18/2019,5659.85,10094
1024396,10/22/2019,3230.69,209745-101
1015418,10/28/2019,377282.51,10945
1021104,10/21/2019,8979.11,209747-101
1024396,10/22/2019,3230.69,202581-01
1024396,10/22/2019,3230.69,209747-101
1021007,10/18/2019,5659.85,10304
1015418,10/28/2019,377282.51,10033
1021104,10/21/2019,8979.11,207325-12
1030033,10/22/2019,11054,201859-02
1015418,10/28/2019,377282.51,10941
1021007,10/18/2019,5659.85,10302
1030033,10/22/2019,11054,206110-101
1019776,10/21/2019,183.17,202580-01
1017416,10/18/2019,3373.28,2200-66070-019
1015418,10/28/2019,377282.51,10941
1021258,10/21/2019,107.1,202652-03
1017349,10/18/2019,783.1,292725
1015418,10/28/2019,377282.51,10311
1021190,10/21/2019,101.43,203947-02
1020397,10/21/2019,1230.85,16523
1017349,10/18/2019,783.1,292718J
1015418,10/28/2019,377282.51,10311
1020397,10/21/2019,1230.85,16531
1017349,10/18/2019,783.1,292682J
1016083,NULL,871.43,2215-64200-001
1015418,10/28/2019,377282.51,10311
1019624,10/21/2019,0,16534
1017349,10/18/2019,783.1,292689
1017244,10/18/2019,12246.41,10034
1017244,10/18/2019,12246.41,10033
1015418,10/28/2019,377282.51,10301
1017244,10/18/2019,12246.41,10033
1037714,10/18/2019,2732.04,10096
1037714,10/18/2019,2732.04,10945
1037714,10/18/2019,2732.04,10951
1037714,10/18/2019,2732.04,10312
1037714,10/18/2019,2732.04,16175
1015418,10/28/2019,377282.51,10301
1015418,10/28/2019,377282.51,16179
1026284,10/21/2019,221.47,207326-02
1015418,10/28/2019,377282.51,16179
1015741,10/21/2019,893.36,201859-01
1012025,10/21/2019,99106.8,2200-48600-019
1015418,10/28/2019,377282.51,10094
1012025,10/21/2019,99106.8,2200-48600-019
1015418,10/28/2019,377282.51,10094
1015745,10/21/2019,15.08,293650J
1021843,10/21/2019,53.6,207586-01
1021258,10/21/2019,92.49,206110-101
1016362,10/22/2019,2753.85,239377J
1020673,10/21/2019,734.24,2200-66070-019
1021951,NULL,8204.67,16179
1021190,10/18/2019,799.7,2200-66070-019
1015822,10/21/2019,96.01,211996-02
1021951,NULL,8204.67,10930A
1021190,10/18/2019,1599.4,2200-66070-019
1007429,10/22/2019,250.99,2200-48450-019
1021951,NULL,8204.67,10945
1017260,10/21/2019,14475.2,16535
1017260,10/21/2019,14475.2,16533
1007429,10/23/2019,221.47,2200-48450-025
1021951,NULL,8204.67,10945
1022338,10/21/2019,3933.86,16423
1007429,10/23/2019,221.47,2200-48450-025
1017437,10/22/2019,2755.6,10033
1017437,10/22/2019,2755.6,10033
1019337,10/22/2019,20.76,209745-101
1021951,NULL,8204.67,10951
1022338,10/21/2019,3933.86,17131
1040425,10/22/2019,18805.62,203512851
1017437,10/22/2019,2755.6,10033
1040425,10/22/2019,18805.62,20351063
1021951,NULL,8204.67,17401
1012813,10/21/2019,13452.99,23844-00-00R^220
1040425,10/22/2019,18805.62,20350244
1015745,10/21/2019,4.08,291920J
1015745,10/21/2019,4.08,291926
1040425,10/22/2019,18805.62,20952062
1019477,10/21/2019,185.3,2200-48450-019
1016145,10/21/2019,27983.9,302234
1040425,10/22/2019,18805.62,20952065
1016145,10/21/2019,27983.9,307098
1016145,10/21/2019,27983.9,250953
1016604,10/22/2019,271.56,14201-43
1016145,10/21/2019,27983.9,302279
1019477,10/21/2019,185.3,2200-17680-001
1040425,10/22/2019,18805.62,203512881
1016145,10/21/2019,27983.9,302235
1016145,10/21/2019,27983.9,302275
1016145,10/21/2019,27983.9,302254
1019794,10/21/2019,624,198427
1040425,10/22/2019,18805.62,20329321
1016145,10/21/2019,27983.9,249965
1016145,10/21/2019,27983.9,302258
1037279,10/21/2019,295.2,271629
1040425,10/22/2019,18805.62,20350820
1017922,10/21/2019,440.25,271632
1016145,10/21/2019,27983.9,207325
1040425,10/22/2019,18805.62,20329323
1016145,10/21/2019,27983.9,300717
1016145,10/21/2019,27983.9,302257
1031362,10/22/2019,4124.4,02300GS11007
1037222,10/22/2019,1767.38,16534
1017922,10/21/2019,440.25,271634
1037222,10/22/2019,1767.38,10033
1016145,10/21/2019,27983.9,284960
1020399,10/21/2019,1374.28,202581-01
1016145,10/21/2019,27983.9,250959
1016145,10/21/2019,27983.9,302271
1029995,10/22/2019,467.04,02300GS11007
1016145,10/21/2019,27983.9,284959
1016145,10/21/2019,27983.9,207373
1038438,10/21/2019,97.8,202967
1016145,10/21/2019,27983.9,249958
1016145,10/21/2019,27983.9,302290
1029982,10/22/2019,1386.6,105912-007
1018058,10/21/2019,307.44,271629
1017608,10/21/2019,99.69,27190-01
1022358,10/21/2019,1931.7,204880-01
1019794,10/22/2019,14040.19,238267J
1025845,10/21/2019,2429.62,16804
1018058,10/21/2019,307.44,271629
1019794,10/22/2019,21954.42,293650J
1025845,10/21/2019,2429.62,16807
1037279,10/21/2019,888.4,10033
1019337,10/22/2019,37.52,209745-101
1019794,10/22/2019,14040.19,257122J
1022432,10/21/2019,1543.56,16565
1019794,10/22/2019,14040.19,238305
1021367,10/21/2019,88.7,10033
1019794,10/22/2019,14040.19,238269
1020996,10/22/2019,569.98,262690
1017416,10/22/2019,39695,2200-21540-001
1017260,10/21/2019,8229.94,16531
1019794,10/22/2019,14040.19,252565
1021447,10/21/2019,1023.28,201081-01
1017260,10/21/2019,8229.94,16542
1019794,10/22/2019,14040.19,257059J
1017260,10/21/2019,8229.94,16521
1018204,10/22/2019,32.09,275618
1017260,10/21/2019,8229.94,16533
1017260,10/21/2019,8229.94,16538
1040586,10/22/2019,1311.06,20350820
1020110,10/22/2019,36.74,209747-101
1017722,10/22/2019,175,209745-101
1021776,10/21/2019,1028.56,249513
1019794,10/22/2019,14040.19,232735
1021214,10/22/2019,11023.28,10302
1019794,10/22/2019,14040.19,251458
1020777,10/22/2019,162.73,208769-01
1021776,10/21/2019,1028.56,239845
1019794,10/22/2019,14040.19,232723J
1021214,10/22/2019,11023.28,17405
1021776,10/21/2019,1028.56,241741
1040074,10/22/2019,24850,207326-02
1024677,10/22/2019,4886.24,10G-SFP-SR-8
1042751,10/22/2019,5825.33,10945
1019794,10/22/2019,14040.19,238303J
1021776,10/21/2019,1028.56,253606
1042751,10/22/2019,5825.33,10925
1019794,10/22/2019,14040.19,257870
1040531,10/22/2019,1467.6,20952003
1042751,10/22/2019,5825.33,10946
1037222,10/22/2019,388.73,230176
1021776,10/21/2019,1028.56,242237
1042751,10/22/2019,5825.33,10941
1019794,10/22/2019,14040.19,257870
1042751,10/22/2019,5825.33,10094
1015609,NULL,56911.1,16173
1019794,10/22/2019,14040.19,252217
1042751,10/22/2019,5825.33,16704
1007429,10/24/2019,1332.77,2200-66070-001
1021658,10/22/2019,158.85,275659
1007429,10/24/2019,1332.77,2200-66070-001
1015609,NULL,56911.1,10311
1019794,10/22/2019,14040.19,252217
1016479,10/22/2019,1342.99,284955J
1007429,10/24/2019,1600.02,2200-48500-025
1019794,10/22/2019,14040.19,237564
1007429,10/24/2019,1600.02,2200-48500-025
1015609,NULL,56911.1,10094
1007429,10/24/2019,1600.02,2200-48300-025
1019794,10/22/2019,14040.19,237562J
1007429,10/24/2019,1600.02,2200-48300-025
1016479,10/22/2019,1342.99,293108J
1015609,NULL,56911.1,16175
1016387,10/22/2019,494.34,275659
1021190,10/23/2019,2929.08,2200-48600-019
1019337,10/22/2019,20.76,209745-101
1015609,NULL,56911.1,10951
1016479,10/22/2019,1342.99,293114
1020138,10/22/2019,730.94,202578-01
1015609,NULL,56911.1,10945
1020138,10/22/2019,730.94,202578-01
1016479,10/22/2019,1342.99,284956
1021190,10/23/2019,2929.08,2200-48600-019
1021388,10/22/2019,13158,16534
1021214,10/22/2019,11003,10951
1016998,10/23/2019,1188.74,185579
1021388,10/22/2019,13158,17404
1021214,10/22/2019,11003,16704
1011983,10/23/2019,1688.5,185446
1021388,10/22/2019,13158,16530
1017244,10/22/2019,15699.26,10033
1011983,10/23/2019,1688.5,185446
1021258,10/21/2019,92.49,206110-101
1011983,10/23/2019,1688.5,185579
1021214,10/22/2019,11003,16106
1011983,10/23/2019,1688.5,271629
1022385,10/23/2019,1914.35,16538
1021214,10/22/2019,11003,16713
1021188,10/23/2019,638.5,210900-01
1021214,10/22/2019,11003,10945
1016074,10/23/2019,36.45,2457-23216-001
1007429,10/22/2019,250.99,2200-48450-019
1019165,NULL,10646.16,10945
1005351,10/22/2019,4099.18,14749-M1-23
1015489,10/22/2019,1650.15,16570
1019165,NULL,10646.16,16705
1005351,10/22/2019,4099.18,17737-M1-23
1021190,10/23/2019,74.88,229444
1019165,NULL,10646.16,10933
1020737,10/21/2019,5579.4,292613
1021367,10/23/2019,1970.51,16535
1020737,10/21/2019,5579.4,291926
1021367,10/23/2019,1970.51,10051H
1020737,10/21/2019,5579.4,292606J
1026284,10/23/2019,221.47,207326-02
1014151,10/23/2019,38384052,WGGS-JUN-SR-V-SVC-COR-SRX650
1020737,10/21/2019,5579.4,291920J
1039952,10/23/2019,6726.48,20351063
1014151,10/23/2019,38384052,WGGS-JUN-SR-V-SVC-COR-NSM-A2-BSE
1027686,10/22/2019,7930,201852-02
1039952,10/23/2019,6726.48,203512851
1014151,10/23/2019,38384052,WGEM-JUN-SRH-V-SVC-CP-EX2200-24T
1037091,10/22/2019,945.23,WGGS-JUN-AOH-SVC-RTF-SRX300JB
1024396,10/22/2019,2018.54,206110-101
1014151,10/23/2019,38384052,WGEM-JUN-SRH-V-SVC-CP-EX2200-24T
1024396,10/22/2019,2018.54,202581-01
1024396,10/22/2019,2018.54,202652-02
1014151,10/23/2019,38384052,WGEM-JUN-SRH-V-SVC-CP-EX2200-24T
1039952,10/23/2019,6726.48,203504351
1024396,10/22/2019,2018.54,209747-101
1014151,10/23/2019,38384052,WGEM-JUN-SR-V-SVC-COR-NSM-A2-BSE
1039952,10/22/2019,7244.19,20350853
1024396,10/22/2019,655.11,202652-04
1023351,10/23/2019,11020.4,207576-01
1023351,10/23/2019,11020.4,208769-01
1024396,10/22/2019,655.11,207586-01
1019794,10/23/2019,9.02,238496J
1039952,10/23/2019,6726.48,20351489
1019794,10/23/2019,9.02,262690
1023289,10/22/2019,2630.2,2200-48500-019
1039952,10/22/2019,7244.19,20351009
1035411,10/23/2019,1389.96,02-SSC-1815
1016293,10/23/2019,2716.25,185446
1016293,10/23/2019,2716.25,185446
1031362,10/22/2019,2474.64,02300GS11007
1016293,10/23/2019,2716.25,185446
1039952,10/23/2019,6726.48,20350247
1016293,10/23/2019,2716.25,185446
1016293,10/23/2019,2716.25,185446
1016293,10/23/2019,2716.25,185446
1016293,10/23/2019,2716.25,185446
1016293,10/23/2019,2716.25,185446
1021120,10/22/2019,8254.88,2200-40450-025
1016293,10/23/2019,2716.25,185446
1016293,10/23/2019,2716.25,271629
1039952,10/22/2019,7244.19,20952076
1016293,10/23/2019,2716.25,271629
1021120,10/22/2019,8254.88,2200-48350-025
1016293,10/23/2019,2716.25,271629
1016293,10/23/2019,2716.25,271629
1039952,10/23/2019,6726.48,20351009
1016293,10/23/2019,2716.25,271629
1016293,10/23/2019,2716.25,185579
1016293,10/23/2019,2716.25,185579
1016293,10/23/2019,2716.25,185579
1021120,10/22/2019,8254.88,2200-48300-025
1016293,10/23/2019,2716.25,185579
1016293,10/23/2019,2716.25,185579
1039952,10/22/2019,7244.19,20952065
1016293,10/23/2019,2716.25,185579
1019794,10/22/2019,539.9,207586-01
1016293,10/23/2019,2716.25,182448
1016293,10/23/2019,2716.25,182448
1017416,10/22/2019,447.75,2409-820-204
1016293,10/23/2019,2716.25,182448
1016293,10/23/2019,2716.25,271631
1022358,10/23/2019,238.1,2200-48560-102
1039952,10/23/2019,6726.48,20350244
1019337,10/22/2019,20.76,209745-101
1039952,10/22/2019,7244.19,20350865
1022046,10/23/2019,552.57,2457-29051-001
1029851,10/22/2019,79025.31,232257
1039952,10/23/2019,6726.48,20329321
1020659,10/23/2019,219.56,2200-30900-025
1029851,10/22/2019,79025.31,262710
1019337,10/23/2019,49,201500-02
1039952,10/22/2019,7244.19,20952078
1029851,10/22/2019,79025.31,185446
1040584,10/23/2019,335.52,20952005
1021190,10/22/2019,11995.5,2200-66070-019
1039952,10/23/2019,6726.48,20350436
1021887,10/23/2019,3782.53,31019
1020704,10/22/2019,1060,207576-01
1039952,10/22/2019,7244.19,20351211
1039216,10/22/2019,857.51,202652-01
1021887,10/23/2019,3782.53,30711
1037222,10/22/2019,4006.4,257059
1037222,10/22/2019,4006.4,288985
1039952,10/23/2019,6726.48,20351211
1037222,10/22/2019,4006.4,252565
1037222,10/22/2019,4006.4,288973
1007429,10/24/2019,266.67,2200-48500-025
1007429,10/24/2019,266.67,2200-48500-025
1021777,10/23/2019,33.73,275618
1039952,10/22/2019,7244.19,20350857
1016149,10/23/2019,6859.35,WGEM-PLC-4870-85310-362
1016149,10/23/2019,6859.35,WGEM-PLC-4870-85480-362
1016149,10/23/2019,6859.35,WGGS-PLC-4870-85480-362
1016149,10/23/2019,6859.35,2200-66070-019
1039952,10/23/2019,6726.48,20952078
1037279,10/23/2019,13842.88,10094
1039552,10/22/2019,20.25,209745-101
1015836,10/23/2019,94.64,14401-03
1039952,10/22/2019,7244.19,20350841
1026585,10/23/2019,2181.18,2200-65790-001
1039952,10/23/2019,6726.48,20952156
1028313,10/23/2019,1126.86,271629
1026585,10/23/2019,2181.18,2200-66070-019
1010753,10/23/2019,15346800,WGEM-JUN-SR-SVC-SUP-SRX320JSB
1039952,10/22/2019,7244.19,20351207
1028313,10/23/2019,1126.86,271631
1010753,10/23/2019,15346800,WGGS-JUN-SR-SVC-SUP-SRX320JSB
1039952,10/23/2019,6726.48,20350236
1010753,10/23/2019,15346800,WGGS-JUN-SRH-SVC-ND-SRX320HW
1028313,10/23/2019,1126.86,283295
1028313,10/23/2019,1126.86,283289
1037279,10/23/2019,1362.6,2406-720-209
1039952,10/22/2019,7244.19,20952005
1039952,10/23/2019,6726.48,20329320
1020874,10/24/2019,545.06,232253
1019337,10/24/2019,194.54,202652-02
1039952,10/22/2019,7244.19,203504351
1021367,10/24/2019,858.96,16571
1037222,10/24/2019,7216.84,293654
1039952,10/23/2019,71.04,20952065
1037222,10/24/2019,7216.84,293648J
1037222,10/24/2019,7216.84,293648J
1037222,10/24/2019,7216.84,293648J
1037222,10/24/2019,7216.84,293654
1039952,10/23/2019,6726.48,20351207
1037222,10/24/2019,7216.84,293654
1039952,10/22/2019,7244.19,20351063
1016322,10/24/2019,1014.17,185446
1016322,10/24/2019,1014.17,185446
1039952,10/23/2019,71.04,20952005
1016322,10/24/2019,1014.17,185579
1040746,10/23/2019,3452,2200-15600-001
1039952,10/23/2019,6726.48,20350090
1040700,10/24/2019,665.68,203512851
1039952,10/22/2019,7244.19,20260512
1040746,10/23/2019,3452,2200-15600-001
1039952,10/23/2019,6726.48,20350820
1016149,10/23/2019,6089.52,2200-66070-019
1021190,10/23/2019,4293.3,2200-48600-019
1040700,10/24/2019,665.68,20329321
1016149,10/23/2019,6089.52,WGEM-PLC-4870-85460-362
1016149,10/23/2019,6089.52,2457-20202-003
1016149,10/23/2019,6089.52,2215-69791-101
1040700,10/24/2019,665.68,20350436
1021190,10/23/2019,4293.3,2200-48600-019
1039952,10/22/2019,7244.19,20952075
1015609,10/23/2019,177,2200-40450-019
1040700,10/24/2019,665.68,20350820
1040700,10/24/2019,665.68,20350090
1039952,10/22/2019,7244.19,20351354
1040700,10/24/2019,665.68,20350804
1017693,10/22/2019,1944.48,2200-40000-001
1015836,10/23/2019,122.08,2303-820-104
1040075,10/23/2019,91.17,275611
1017693,10/22/2019,1944.48,2200-66070-001
1018589,10/23/2019,1502.89,10305
1016602,10/24/2019,1956.78,10033
1039909,10/10/2019,0,2200-40450-019
1017437,10/22/2019,837.88,10033
1040746,10/23/2019,3567,2200-49530-122
1021123,10/23/2019,99.23,2309-820-104
1015609,10/22/2019,19782.32,10951
1016602,10/24/2019,1956.78,16535
1026284,10/23/2019,221.47,207326-02
1015609,10/22/2019,19782.32,10945
1005351,10/24/2019,37505,15026-M1322
1022828,10/23/2019,8901.27,31013
1015609,10/22/2019,19782.32,16175
1021190,10/23/2019,76.14,206110-101
1015718,10/23/2019,74163.12,293636
1037687,10/23/2019,6624.82,20350820
1037687,10/23/2019,6624.82,20952005
1015609,10/22/2019,19782.32,16173
1037687,10/23/2019,6624.82,20351207
1015718,10/23/2019,74163.12,293630
1019337,10/23/2019,20.76,209745-101
1015609,10/22/2019,19782.32,10311
1019337,10/23/2019,46.54,207576-01
1015718,10/23/2019,74163.12,293672
1015609,10/22/2019,19782.32,10094
1017416,10/22/2019,71.1,260-09
1015718,10/23/2019,74163.12,292592
1022059,10/23/2019,36.74,209751-101
1022640,10/22/2019,18038.22,10312
1015718,10/23/2019,74163.12,293666
1015718,10/23/2019,1524.64,271632
1022640,10/22/2019,18038.22,10945
1015718,10/23/2019,74163.12,292585
1022640,10/22/2019,18038.22,10951
1040694,10/23/2019,10400.54,20350247
1015718,10/23/2019,1784.28,271634
1040694,10/23/2019,10400.54,203504351
1040694,10/23/2019,10400.54,20329323
1022640,10/22/2019,18038.22,16179
1021258,10/23/2019,36.74,209747-101
1021007,10/23/2019,84490.33,10302
1037091,10/24/2019,764.75,WGEM-JUN-SVC-SUP-SRX300JSB
1022640,10/22/2019,18038.22,10094
1037091,10/24/2019,764.75,WGGS-JUN-AOH-SVC-RTF-SRX300HW
1021007,10/23/2019,84490.33,10094
1037091,10/24/2019,764.75,WGEM-JUN-AOH-SVC-RTF-SRX300HW
1037091,10/24/2019,764.75,WGGS-JUN-AOH-SVC-RTF-SSG5
1039952,10/22/2019,209.2,20952078
1021007,10/23/2019,84490.33,10305
1037091,10/24/2019,764.75,WGGS-JUN-SVC-SUP-SRX300JSB
1017722,10/22/2019,37.18,209745-101
1020436,10/23/2019,854.13,16531
1021658,10/22/2019,597.89,275618
1021007,10/23/2019,84490.33,10304
1021658,10/22/2019,597.89,275659
1021007,10/23/2019,84490.33,10301
1022432,10/23/2019,578.02,30516
1021951,10/22/2019,5687.1,16179
1021007,10/23/2019,84490.33,10301
1022432,10/23/2019,578.02,31029
1021951,10/22/2019,5687.1,10930A
1021007,10/23/2019,84490.33,16542
1040817,10/24/2019,524.2,291736
1021951,10/22/2019,5687.1,10945
1021007,10/23/2019,84490.33,16535
1020436,10/23/2019,1708.26,16531
1040817,10/24/2019,524.2,291729
1021951,10/22/2019,5687.1,10945
1007429,10/24/2019,235.34,2200-48450-019
1005351,10/24/2019,4102.42,15045-M1322
1021951,10/22/2019,5687.1,10945
1005316,10/24/2019,1122.31,271608
1005351,10/24/2019,4102.42,16053-M1322
1021951,10/22/2019,5687.1,17401
1024396,10/22/2019,4573,207326-02
1024396,10/22/2019,4573,209745-101
1005316,10/24/2019,1122.31,266111
1024396,10/22/2019,4573,202652-02
1005351,10/24/2019,4102.42,16056-M1322
1024396,10/22/2019,4573,208769-01
1024396,10/22/2019,4573,211996-02
1024396,10/22/2019,4573,206110-101
1005316,10/24/2019,1122.31,266111
1024396,10/22/2019,4573,209749-101
1005316,10/24/2019,801.65,271610
1031332,10/22/2019,12150,209745-101
1016145,10/22/2019,332.63,283289
1022483,10/22/2019,957.2,14101-46
1005316,10/24/2019,1122.31,271608
1022483,10/22/2019,957.2,14201-43
1019337,10/22/2019,46.54,207576-01
1016322,10/24/2019,1299.06,271632
1024396,10/24/2019,4983.74,207326-02
1021190,10/18/2019,8796.7,2200-66070-019
1005316,10/24/2019,801.65,185579
1024396,10/24/2019,4983.74,209745-101
1024396,10/24/2019,4983.74,202652-02
1021190,10/18/2019,8796.7,2200-66070-019
1024396,10/24/2019,4983.74,209748-101
1024396,10/24/2019,4983.74,207576-01
1021190,10/22/2019,4798.2,2200-66070-019
1024396,10/24/2019,4983.74,211710-01
1005316,10/24/2019,1121.99,271608
1024396,10/24/2019,4983.74,211317-01
1019337,10/22/2019,20.76,209745-101
1024396,10/24/2019,4983.74,210902-01
1005316,10/24/2019,1121.99,266111
1024396,10/24/2019,4983.74,208748-01
1018589,10/22/2019,4939.68,16533
1024396,10/24/2019,4983.74,202652-04
1024396,10/24/2019,4983.74,204880-01
1038309,10/24/2019,3344.86,271611
1024396,10/24/2019,4983.74,209749-101
1040746,10/22/2019,2181,2200-66070-001
1024396,10/24/2019,4983.74,211709-01
1039552,10/24/2019,95.43,207576-01
1024396,10/24/2019,4983.74,207586-01
1024396,10/24/2019,4983.74,211716-01
1024396,10/24/2019,4983.74,208769-02
1015964,10/23/2019,1848.92,275672
1024396,10/24/2019,4983.74,211996-01
1007429,10/25/2019,239.65,2200-46350-025
1039552,10/22/2019,254.35,1519-0154
1007429,10/25/2019,239.65,2200-46350-025
1006885,10/24/2019,21.75,293632J
1019337,10/22/2019,20.76,209745-101
1006885,10/24/2019,21.75,293638
1006885,10/24/2019,21.75,232253
1020984,10/22/2019,4036.82,10930A
1040817,10/24/2019,523.7,291736
1040817,10/24/2019,523.7,291729
1020984,10/22/2019,4036.82,10945
1021104,10/24/2019,239.27,207325-12
1020984,10/22/2019,4036.82,16106
1020984,10/22/2019,4036.82,16713
1020984,10/22/2019,4036.82,16702
1019794,10/22/2019,1083.79,257120J
1019794,10/22/2019,1083.79,239095
1019794,10/22/2019,1083.79,257020J
1020984,10/24/2019,3124.08,10034
1019794,10/22/2019,1083.79,237785J
1019794,10/22/2019,1083.79,237815J
1019794,10/22/2019,1083.79,253614
1037279,10/22/2019,1268.2,241843
1037279,10/22/2019,1268.2,230024J
1037279,10/22/2019,1268.2,240500
1037279,10/22/2019,1268.2,238951J
1037279,10/22/2019,1268.2,238951J
1016952,10/22/2019,925.46,10094
1020436,10/22/2019,2519.75,10946
1020436,10/22/2019,2519.75,10943
1005351,10/23/2019,92300,15026-M2030
1005351,10/23/2019,92300,15026-M2031
1021188,10/23/2019,39.5,14201-36
1021188,10/23/2019,996.94,2200-66070-019
1019337,10/23/2019,20.76,209745-101
1026585,10/23/2019,1722.36,2200-66070-019
1019337,10/23/2019,14.53,28959-01
1007429,10/24/2019,6901.93,2200-46350-025
1007429,10/24/2019,6901.93,2200-46350-025
1007429,10/24/2019,6901.93,2200-15600-001
1007429,10/24/2019,6901.93,2200-15600-001
1007429,10/24/2019,6901.93,2200-15600-001
1007429,10/24/2019,6901.93,2200-48450-025
1007429,10/24/2019,6901.93,2200-48450-025
1017260,10/23/2019,3050.46,16531
1019337,10/23/2019,46.54,207576-01
1021887,10/23/2019,1764.72,30513
1021887,10/23/2019,1764.72,31013
1021658,10/23/2019,181.48,275618
1021658,10/23/2019,181.48,275619
1021259,10/23/2019,36.27,209746-101
1021951,10/23/2019,21028.78,16790
1021951,10/23/2019,21028.78,17115^007
1021951,10/23/2019,21028.78,16535
1021951,10/23/2019,21028.78,16542
1021951,10/23/2019,21028.78,10960
1021951,10/23/2019,21028.78,10411
1019337,10/23/2019,20.76,209745-101
1040075,10/23/2019,339.16,275624
1018589,10/23/2019,633.12,10305
1018589,10/23/2019,633.12,10305
1022139,10/23/2019,79.86,206110-101
1038438,10/23/2019,65.2,202967
1016047,10/23/2019,33574.28,16777
1016047,10/23/2019,33574.28,17115^007
1016047,10/23/2019,33574.28,16790
1016047,10/23/2019,33574.28,10960
1016047,10/23/2019,33574.28,10410
1025595,10/23/2019,2503.56,202580-01
1016010,10/23/2019,1324.66,209744-101
1042448,10/23/2019,931.89,20350436
1042448,10/23/2019,931.89,20329239
1042448,10/23/2019,931.89,20952005
1005351,10/24/2019,2024.5,17904-M1322
1005351,10/24/2019,2024.5,14568-M1322
1005351,10/24/2019,2024.5,14568-M1322
1024661,10/23/2019,486.4,209745-101
1006408,10/24/2019,644.8,271611
1021367,10/24/2019,11979.29,10945
1021367,10/24/2019,11979.29,10951
1021367,10/24/2019,11979.29,10033
1021367,10/24/2019,11979.29,10094
1021367,10/24/2019,11979.29,16175
1021367,10/24/2019,11979.29,16535
1034100,10/24/2019,36995.06,1559-0159
1034100,10/24/2019,36995.06,2393-823-109
1034100,10/24/2019,36995.06,1553-0159
1034100,10/24/2019,36995.06,2126-82-04
1034100,10/24/2019,36995.06,14201-32
1034100,10/24/2019,36995.06,1000-04
1034100,10/24/2019,36995.06,14101-34
1023321,10/24/2019,797.26,30314
1020737,10/24/2019,3501.52,293674
1020737,10/24/2019,3501.52,293674
1020737,10/24/2019,3501.52,293674
1020737,10/24/2019,3501.52,295227J
1020737,10/24/2019,3501.52,293638
1020737,10/24/2019,3501.52,293638
1020737,10/24/2019,3501.52,293632J
1020737,10/24/2019,3501.52,293632J
1020737,10/24/2019,3501.52,293638
1020737,10/24/2019,3501.52,293638
1020737,10/24/2019,3501.52,293632J
1020737,10/24/2019,3501.52,293632J
1020737,10/24/2019,3501.52,293668J
1020737,10/24/2019,3501.52,293668J
1020737,10/24/2019,3501.52,293668J
1020737,10/24/2019,3501.52,295233
1006795,10/24/2019,40037,15216-ATT-LC-5=
1020984,10/24/2019,1240900.88,10941
1020984,10/24/2019,1240900.88,10941
1020984,10/24/2019,1240900.88,10941
1020984,10/24/2019,1240900.88,10941
1020984,10/24/2019,1240900.88,10941
1020984,10/24/2019,1240900.88,10941
1020984,10/24/2019,1240900.88,10941
1020984,10/24/2019,1240900.88,10941
1020984,10/24/2019,1240900.88,10941
1020984,10/24/2019,1240900.88,10096
1020984,10/24/2019,1240900.88,10096
1020984,10/24/2019,1240900.88,10096
1020984,10/24/2019,1240900.88,10096
1020984,10/24/2019,1240900.88,10096
1020984,10/24/2019,1240900.88,10945
1020984,10/24/2019,1240900.88,10945
1020984,10/24/2019,1240900.88,10945
1020984,10/24/2019,1240900.88,10945
1020984,10/24/2019,1240900.88,10945
1020984,10/24/2019,1240900.88,10945
1020984,10/24/2019,1240900.88,10945
1020984,10/24/2019,1240900.88,10945
1020984,10/24/2019,1240900.88,10945
1020984,10/24/2019,1240900.88,10096
1020984,10/24/2019,1240900.88,10096
1020984,10/24/2019,1240900.88,10411
1020984,10/24/2019,1240900.88,10096
1020984,10/24/2019,1240900.88,10096
1020984,10/24/2019,1240900.88,10096
1020984,10/24/2019,1240900.88,10096
1020984,10/24/2019,1240900.88,10096
1020984,10/24/2019,1240900.88,10096
1020984,10/24/2019,1240900.88,10096
1020984,10/24/2019,1240900.88,10096
1020984,10/24/2019,1240900.88,10312
1020984,10/24/2019,1240900.88,10312
1020984,10/24/2019,1240900.88,10312
1020984,10/24/2019,1240900.88,16179
1020984,10/24/2019,1240900.88,16179
1020984,10/24/2019,1240900.88,16179
1020984,10/24/2019,1240900.88,16179
1020984,10/24/2019,1240900.88,16179
1020984,10/24/2019,1240900.88,16179
1020984,10/24/2019,1240900.88,30522
1020984,10/24/2019,1240900.88,30522
1020984,10/24/2019,1240900.88,16179
1020984,10/24/2019,1240900.88,16179
1020984,10/24/2019,1240900.88,16179
1020984,10/24/2019,1240900.88,10311
1020984,10/24/2019,1240900.88,10311
1020984,10/24/2019,1240900.88,10311
1020984,10/24/2019,1240900.88,10311
1020984,10/24/2019,1240900.88,10311
1020984,10/24/2019,1240900.88,10311
1020984,10/24/2019,1240900.88,30138
1020984,10/24/2019,1240900.88,10034
1020984,10/24/2019,1240900.88,10034
1020984,10/24/2019,1240900.88,10034
1020984,10/24/2019,1240900.88,10034
1020984,10/24/2019,1240900.88,10034
1020984,10/24/2019,1240900.88,10034
1020984,10/24/2019,1240900.88,31026
